{"stats":{"minecraft:used":{"minecraft:chiseled_polished_blackstone":3,"minecraft:water_bucket":3,"minecraft:stone_sword":105,"minecraft:stone_pickaxe":1918,"minecraft:baked_potato":11,"minecraft:poppy":1,"minecraft:chest":2,"minecraft:wooden_pickaxe":55,"minecraft:netherrack":10,"minecraft:cobblestone_slab":471,"minecraft:polished_blackstone_bricks":7,"minecraft:cooked_chicken":1,"minecraft:rotten_flesh":7,"minecraft:dirt":13,"minecraft:oak_slab":5,"minecraft:obsidian":10,"minecraft:apple":2,"minecraft:golden_helmet":1,"minecraft:stone_axe":91,"minecraft:cobblestone":62,"minecraft:bow":15,"minecraft:oak_sapling":11,"minecraft:cooked_cod":5,"minecraft:bucket":4,"minecraft:potato":2,"travelersbackpack:enderman":1},"minecraft:mined":{"minecraft:oak_sapling":1,"minecraft:nether_bricks":16,"minecraft:torch":1,"gravestone:gravestone":9,"minecraft:chiseled_polished_blackstone":3,"minecraft:grass_block":6,"minecraft:poppy":1,"minecraft:cobblestone":1870,"minecraft:polished_blackstone_bricks":7,"minecraft:glowstone":10,"minecraft:fire":30,"minecraft:oak_log":44,"minecraft:cobblestone_slab":18,"minecraft:dirt":2,"minecraft:netherrack":12,"minecraft:oak_leaves":9},"minecraft:dropped":{"sophisticatedbackpacks:iron_backpack":3,"minecraft:water_bucket":1,"minecraft:stone_axe":1,"minecraft:wheat_seeds":4,"minecraft:cobblestone":599,"minecraft:rotten_flesh":6,"minecraft:poppy":2,"minecraft:cobblestone_slab":11,"minecraft:potato":1,"minecraft:gunpowder":7,"minecraft:cooked_cod":1,"minecraft:oak_sapling":1,"gravestone:obituary":14,"minecraft:gold_nugget":5,"sophisticatedbackpacks:copper_backpack":1,"minecraft:arrow":4,"minecraft:stone_pickaxe":3,"minecraft:iron_shovel":1,"minecraft:bone":4},"minecraft:custom":{"minecraft:interact_with_furnace":40,"minecraft:mob_kills":418,"minecraft:interact_with_crafting_table":34,"minecraft:damage_dealt_resisted":73,"minecraft:leave_game":3,"minecraft:time_since_death":67407,"minecraft:time_since_rest":67447,"minecraft:walk_one_cm":340533,"minecraft:sprint_one_cm":238300,"minecraft:damage_taken":3179,"minecraft:drop":93,"minecraft:damage_dealt":6631,"minecraft:damage_dealt_absorbed":4,"minecraft:swim_one_cm":8115,"minecraft:fly_one_cm":120060,"minecraft:open_chest":148,"minecraft:crouch_one_cm":96121,"minecraft:play_time":269009,"minecraft:deaths":9,"minecraft:sneak_time":30964,"minecraft:walk_under_water_one_cm":7895,"minecraft:jump":1194,"minecraft:walk_on_water_one_cm":4675,"minecraft:total_world_time":269009,"minecraft:fall_one_cm":9699},"minecraft:killed":{"minecraft:witch":1,"minecraft:zombie_villager":2,"minecraft:spider":1,"minecraft:creeper":127,"minecraft:skeleton":150,"minecraft:zombie":137},"minecraft:crafted":{"minecraft:cooked_cod":6,"minecraft:oak_planks":8,"minecraft:cobblestone_slab":252,"minecraft:cooked_chicken":1,"minecraft:baked_potato":22,"minecraft:stone_axe":2,"minecraft:air":0,"minecraft:charcoal":6,"minecraft:gold_nugget":5,"minecraft:stick":24,"minecraft:stone_pickaxe":10,"minecraft:chest":2,"minecraft:gold_ingot":18},"minecraft:picked_up":{"sophisticatedbackpacks:gold_backpack":1,"minecraft:chainmail_boots":1,"minecraft:golden_leggings":1,"minecraft:potato":1,"minecraft:oak_log":44,"minecraft:golden_boots":3,"minecraft:gunpowder":156,"minecraft:cornflower":1,"minecraft:dirt":8,"minecraft:string":13,"minecraft:iron_shovel":1,"minecraft:bone":181,"minecraft:apple":3,"minecraft:bow":16,"minecraft:wheat_seeds":6,"travelersbackpack:enderman":1,"minecraft:iron_ingot":3,"minecraft:stone_pickaxe":8,"minecraft:player_head":1,"minecraft:cobblestone_slab":212,"minecraft:poppy":4,"minecraft:glowstone_dust":22,"minecraft:oak_planks":1,"minecraft:golden_helmet":3,"minecraft:stick":13,"minecraft:chiseled_polished_blackstone":3,"minecraft:torch":1,"minecraft:dandelion":14,"minecraft:polished_blackstone_bricks":7,"sophisticatedbackpacks:iron_backpack":3,"minecraft:golden_chestplate":1,"minecraft:spider_eye":1,"minecraft:arrow":159,"minecraft:rotten_flesh":181,"minecraft:nether_bricks":18,"minecraft:golden_horse_armor":1,"sophisticatedbackpacks:copper_backpack":1,"minecraft:oak_sapling":26,"minecraft:netherrack":10,"minecraft:cod":1,"minecraft:cobblestone":1288},"minecraft:broken":{"minecraft:stone_pickaxe":15,"minecraft:stone_axe":1,"minecraft:stone_sword":1,"minecraft:wooden_pickaxe":1},"minecraft:killed_by":{"minecraft:skeleton":1,"minecraft:creeper":1,"minecraft:spider":1,"minecraft:witch":2,"minecraft:zombie":2,"minecraft:enderman":2}},"DataVersion":3465}