{"stats":{"minecraft:used":{"minecraft:water_bucket":3,"minecraft:apple":1,"minecraft:stone_pickaxe":388,"minecraft:wooden_pickaxe":55,"minecraft:cobblestone_slab":234,"minecraft:dirt":1,"minecraft:cobblestone":2,"minecraft:oak_sapling":2,"minecraft:bucket":4},"minecraft:mined":{"minecraft:fire":27,"minecraft:grass_block":1,"minecraft:oak_log":1,"minecraft:cobblestone_slab":3,"minecraft:dirt":1,"minecraft:cobblestone":414},"minecraft:dropped":{"minecraft:water_bucket":1,"minecraft:poppy":1,"minecraft:cobblestone":217,"minecraft:stone_pickaxe":1},"minecraft:custom":{"minecraft:time_since_rest":68602,"minecraft:sprint_one_cm":24384,"minecraft:damage_taken":225,"minecraft:walk_one_cm":84213,"minecraft:drop":31,"minecraft:damage_dealt":94,"minecraft:swim_one_cm":975,"minecraft:interact_with_crafting_table":4,"minecraft:fly_one_cm":20979,"minecraft:open_chest":26,"minecraft:crouch_one_cm":25780,"minecraft:play_time":68602,"minecraft:sneak_time":7041,"minecraft:walk_under_water_one_cm":2330,"minecraft:jump":243,"minecraft:leave_game":2,"minecraft:walk_on_water_one_cm":723,"minecraft:time_since_death":68602,"minecraft:total_world_time":68602,"minecraft:fall_one_cm":1312},"minecraft:crafted":{"minecraft:cobblestone_slab":48},"minecraft:picked_up":{"minecraft:stick":2,"minecraft:oak_log":1,"minecraft:dirt":2,"minecraft:apple":1,"minecraft:stone_pickaxe":4,"minecraft:cobblestone_slab":188,"minecraft:poppy":2,"minecraft:oak_sapling":2,"minecraft:cobblestone":348},"minecraft:broken":{"minecraft:stone_pickaxe":2,"minecraft:wooden_pickaxe":1}},"DataVersion":3465}