{"stats":{"minecraft:used":{"minecraft:water_bucket":3,"minecraft:apple":2,"minecraft:stone_pickaxe":1460,"minecraft:poppy":1,"minecraft:chest":2,"minecraft:wooden_pickaxe":55,"minecraft:cobblestone_slab":281,"minecraft:rotten_flesh":2,"minecraft:dirt":2,"minecraft:cobblestone":20,"minecraft:oak_sapling":2,"minecraft:bucket":4},"minecraft:mined":{"minecraft:fire":29,"minecraft:torch":1,"gravestone:gravestone":3,"minecraft:grass_block":6,"minecraft:oak_log":1,"minecraft:poppy":1,"minecraft:cobblestone_slab":12,"minecraft:dirt":2,"minecraft:cobblestone":1474},"minecraft:dropped":{"minecraft:water_bucket":1,"minecraft:poppy":1,"minecraft:potato":1,"minecraft:cobblestone_slab":4,"minecraft:gunpowder":7,"minecraft:cobblestone":583,"minecraft:rotten_flesh":6,"gravestone:obituary":7,"minecraft:arrow":4,"minecraft:stone_pickaxe":1,"minecraft:bone":4},"minecraft:custom":{"minecraft:time_since_rest":1590,"minecraft:sprint_one_cm":51821,"minecraft:damage_taken":900,"minecraft:walk_one_cm":153669,"minecraft:mob_kills":88,"minecraft:drop":62,"minecraft:damage_dealt":1123,"minecraft:swim_one_cm":8115,"minecraft:interact_with_crafting_table":19,"minecraft:fly_one_cm":55283,"minecraft:open_chest":54,"minecraft:deaths":3,"minecraft:crouch_one_cm":38982,"minecraft:play_time":140602,"minecraft:sneak_time":10190,"minecraft:walk_under_water_one_cm":7895,"minecraft:jump":641,"minecraft:leave_game":2,"minecraft:walk_on_water_one_cm":2803,"minecraft:time_since_death":1554,"minecraft:total_world_time":140602,"minecraft:fall_one_cm":4513},"minecraft:killed":{"minecraft:skeleton":32,"minecraft:zombie":25,"minecraft:spider":1,"minecraft:creeper":30},"minecraft:crafted":{"minecraft:oak_planks":4,"minecraft:cobblestone_slab":78,"minecraft:stick":12,"minecraft:stone_pickaxe":6,"minecraft:chest":2},"minecraft:picked_up":{"minecraft:stick":2,"minecraft:potato":1,"minecraft:oak_log":1,"minecraft:gunpowder":36,"minecraft:string":5,"minecraft:dirt":8,"minecraft:arrow":27,"minecraft:rotten_flesh":30,"minecraft:bone":31,"minecraft:apple":2,"minecraft:bow":2,"minecraft:stone_pickaxe":7,"minecraft:cobblestone_slab":204,"minecraft:poppy":3,"minecraft:oak_sapling":2,"minecraft:cobblestone":973},"minecraft:broken":{"minecraft:stone_pickaxe":11,"minecraft:wooden_pickaxe":1},"minecraft:killed_by":{"minecraft:creeper":1,"minecraft:spider":1,"minecraft:zombie":1}},"DataVersion":3465}