{"stats":{"minecraft:used":{"minecraft:water_bucket":3,"minecraft:stone_pickaxe":1496,"minecraft:poppy":1,"minecraft:chest":2,"minecraft:wooden_pickaxe":55,"minecraft:cobblestone_slab":290,"minecraft:rotten_flesh":6,"minecraft:dirt":13,"minecraft:oak_slab":5,"minecraft:apple":2,"minecraft:golden_helmet":1,"minecraft:stone_axe":77,"minecraft:cobblestone":28,"minecraft:bow":15,"minecraft:oak_sapling":11,"minecraft:cooked_cod":5,"minecraft:bucket":4},"minecraft:mined":{"minecraft:oak_sapling":1,"minecraft:torch":1,"gravestone:gravestone":8,"minecraft:grass_block":6,"minecraft:poppy":1,"minecraft:cobblestone":1503,"minecraft:fire":30,"minecraft:oak_log":44,"minecraft:cobblestone_slab":12,"minecraft:dirt":2,"minecraft:oak_leaves":8},"minecraft:dropped":{"sophisticatedbackpacks:iron_backpack":2,"minecraft:water_bucket":1,"minecraft:stone_axe":1,"minecraft:cobblestone":599,"minecraft:rotten_flesh":6,"minecraft:poppy":2,"minecraft:cobblestone_slab":4,"minecraft:potato":1,"minecraft:gunpowder":7,"minecraft:cooked_cod":1,"gravestone:obituary":13,"minecraft:arrow":4,"minecraft:stone_pickaxe":3,"minecraft:iron_shovel":1,"minecraft:bone":4},"minecraft:custom":{"minecraft:interact_with_furnace":16,"minecraft:mob_kills":235,"minecraft:interact_with_crafting_table":22,"minecraft:damage_dealt_resisted":73,"minecraft:leave_game":2,"minecraft:time_since_death":14096,"minecraft:time_since_rest":14129,"minecraft:walk_one_cm":262948,"minecraft:sprint_one_cm":139878,"minecraft:damage_taken":2525,"minecraft:drop":77,"minecraft:damage_dealt":3603,"minecraft:damage_dealt_absorbed":4,"minecraft:swim_one_cm":8115,"minecraft:fly_one_cm":97233,"minecraft:open_chest":83,"minecraft:crouch_one_cm":62384,"minecraft:play_time":194602,"minecraft:deaths":8,"minecraft:sneak_time":20709,"minecraft:walk_under_water_one_cm":7895,"minecraft:jump":1017,"minecraft:walk_on_water_one_cm":4500,"minecraft:total_world_time":194602,"minecraft:fall_one_cm":8271},"minecraft:killed":{"minecraft:zombie_villager":1,"minecraft:spider":1,"minecraft:creeper":74,"minecraft:skeleton":90,"minecraft:zombie":69},"minecraft:picked_up":{"minecraft:chainmail_boots":1,"minecraft:potato":1,"minecraft:oak_log":44,"minecraft:golden_boots":1,"minecraft:gunpowder":96,"minecraft:dirt":8,"minecraft:string":12,"minecraft:iron_shovel":1,"minecraft:bone":123,"minecraft:apple":3,"minecraft:bow":9,"minecraft:iron_ingot":2,"minecraft:stone_pickaxe":8,"minecraft:player_head":1,"minecraft:cobblestone_slab":205,"minecraft:poppy":4,"minecraft:golden_helmet":1,"minecraft:stick":13,"sophisticatedbackpacks:iron_backpack":3,"minecraft:spider_eye":1,"minecraft:arrow":111,"minecraft:rotten_flesh":109,"minecraft:oak_sapling":25,"minecraft:cod":1,"minecraft:cobblestone":992},"minecraft:crafted":{"minecraft:cooked_cod":6,"minecraft:oak_planks":4,"minecraft:cobblestone_slab":78,"minecraft:stone_axe":1,"minecraft:charcoal":1,"minecraft:stick":16,"minecraft:stone_pickaxe":6,"minecraft:chest":2},"minecraft:broken":{"minecraft:stone_pickaxe":11,"minecraft:wooden_pickaxe":1},"minecraft:killed_by":{"minecraft:skeleton":1,"minecraft:creeper":1,"minecraft:spider":1,"minecraft:witch":1,"minecraft:zombie":2,"minecraft:enderman":2}},"DataVersion":3465}