{"stats":{"minecraft:used":{"minecraft:water_bucket":3,"minecraft:apple":2,"minecraft:stone_pickaxe":1468,"minecraft:poppy":1,"minecraft:chest":2,"minecraft:wooden_pickaxe":55,"minecraft:stone_axe":32,"minecraft:cobblestone_slab":284,"minecraft:rotten_flesh":4,"minecraft:dirt":2,"minecraft:cobblestone":26,"minecraft:oak_sapling":7,"minecraft:bucket":4},"minecraft:mined":{"minecraft:fire":29,"minecraft:torch":1,"gravestone:gravestone":4,"minecraft:grass_block":6,"minecraft:oak_log":30,"minecraft:poppy":1,"minecraft:cobblestone_slab":12,"minecraft:dirt":2,"minecraft:cobblestone":1475,"minecraft:oak_leaves":3},"minecraft:dropped":{"minecraft:water_bucket":1,"minecraft:poppy":1,"minecraft:potato":1,"minecraft:cobblestone_slab":4,"minecraft:gunpowder":7,"minecraft:cobblestone":583,"minecraft:rotten_flesh":6,"gravestone:obituary":8,"minecraft:arrow":4,"minecraft:stone_pickaxe":1,"minecraft:bone":4},"minecraft:custom":{"minecraft:time_since_rest":9308,"minecraft:interact_with_furnace":6,"minecraft:sprint_one_cm":58911,"minecraft:damage_taken":1110,"minecraft:walk_one_cm":173744,"minecraft:mob_kills":99,"minecraft:drop":63,"minecraft:damage_dealt":1233,"minecraft:swim_one_cm":8115,"minecraft:interact_with_crafting_table":22,"minecraft:fly_one_cm":58484,"minecraft:open_chest":63,"minecraft:deaths":4,"minecraft:crouch_one_cm":40693,"minecraft:play_time":152602,"minecraft:sneak_time":11892,"minecraft:walk_under_water_one_cm":7895,"minecraft:jump":701,"minecraft:leave_game":2,"minecraft:walk_on_water_one_cm":3388,"minecraft:time_since_death":9279,"minecraft:total_world_time":152602,"minecraft:fall_one_cm":4780},"minecraft:killed":{"minecraft:skeleton":37,"minecraft:zombie":26,"minecraft:spider":1,"minecraft:creeper":35},"minecraft:picked_up":{"minecraft:stick":11,"minecraft:potato":1,"minecraft:oak_log":30,"minecraft:gunpowder":42,"minecraft:string":5,"minecraft:dirt":8,"minecraft:arrow":34,"minecraft:rotten_flesh":34,"minecraft:bone":38,"minecraft:apple":3,"minecraft:bow":4,"minecraft:stone_pickaxe":7,"minecraft:cobblestone_slab":204,"minecraft:poppy":3,"minecraft:oak_sapling":20,"minecraft:cod":1,"minecraft:cobblestone":973},"minecraft:crafted":{"minecraft:cooked_cod":1,"minecraft:oak_planks":4,"minecraft:cobblestone_slab":78,"minecraft:charcoal":1,"minecraft:stick":16,"minecraft:stone_pickaxe":6,"minecraft:chest":2,"minecraft:stone_axe":1},"minecraft:broken":{"minecraft:stone_pickaxe":11,"minecraft:wooden_pickaxe":1},"minecraft:killed_by":{"minecraft:creeper":1,"minecraft:spider":1,"minecraft:zombie":1,"minecraft:enderman":1}},"DataVersion":3465}