{"stats":{"minecraft:used":{"minecraft:water_bucket":3,"minecraft:apple":1,"minecraft:cobblestone":1,"minecraft:stone_pickaxe":63,"minecraft:bucket":4,"minecraft:wooden_pickaxe":44,"minecraft:cobblestone_slab":234},"minecraft:mined":{"minecraft:grass_block":1,"minecraft:oak_log":1,"minecraft:cobblestone_slab":3,"minecraft:fire":4,"minecraft:cobblestone":104},"minecraft:dropped":{"minecraft:water_bucket":1,"minecraft:cobblestone":16,"minecraft:poppy":1},"minecraft:custom":{"minecraft:open_chest":26,"minecraft:time_since_rest":44602,"minecraft:crouch_one_cm":25627,"minecraft:play_time":44602,"minecraft:sprint_one_cm":24384,"minecraft:damage_taken":225,"minecraft:walk_one_cm":64535,"minecraft:sneak_time":7023,"minecraft:walk_under_water_one_cm":2330,"minecraft:drop":9,"minecraft:jump":215,"minecraft:damage_dealt":40,"minecraft:leave_game":2,"minecraft:time_since_death":44602,"minecraft:walk_on_water_one_cm":723,"minecraft:total_world_time":44602,"minecraft:swim_one_cm":975,"minecraft:interact_with_crafting_table":4,"minecraft:fall_one_cm":1312,"minecraft:fly_one_cm":20979},"minecraft:crafted":{"minecraft:cobblestone_slab":48},"minecraft:picked_up":{"minecraft:stick":2,"minecraft:apple":1,"minecraft:stone_pickaxe":1,"minecraft:cobblestone_slab":188,"minecraft:oak_log":1,"minecraft:poppy":2,"minecraft:dirt":1,"minecraft:cobblestone":136}},"DataVersion":3465}