{"stats":{"minecraft:used":{"minecraft:water_bucket":3,"minecraft:apple":2,"minecraft:stone_pickaxe":1448,"minecraft:poppy":1,"minecraft:wooden_pickaxe":55,"minecraft:cobblestone_slab":246,"minecraft:dirt":2,"minecraft:cobblestone":5,"minecraft:oak_sapling":2,"minecraft:bucket":4},"minecraft:mined":{"minecraft:fire":28,"minecraft:torch":1,"minecraft:grass_block":6,"minecraft:oak_log":1,"minecraft:poppy":1,"minecraft:cobblestone_slab":10,"minecraft:dirt":2,"minecraft:cobblestone":1464},"minecraft:dropped":{"minecraft:water_bucket":1,"minecraft:poppy":1,"minecraft:cobblestone":583,"minecraft:stone_pickaxe":1},"minecraft:custom":{"minecraft:time_since_rest":116602,"minecraft:sprint_one_cm":24450,"minecraft:damage_taken":225,"minecraft:walk_one_cm":102160,"minecraft:drop":38,"minecraft:damage_dealt":121,"minecraft:swim_one_cm":975,"minecraft:interact_with_crafting_table":12,"minecraft:fly_one_cm":21161,"minecraft:open_chest":32,"minecraft:crouch_one_cm":27890,"minecraft:play_time":116602,"minecraft:sneak_time":7890,"minecraft:walk_under_water_one_cm":2330,"minecraft:jump":325,"minecraft:leave_game":2,"minecraft:walk_on_water_one_cm":1067,"minecraft:time_since_death":116602,"minecraft:total_world_time":116602,"minecraft:fall_one_cm":1846},"minecraft:crafted":{"minecraft:oak_planks":4,"minecraft:cobblestone_slab":54,"minecraft:stick":12,"minecraft:stone_pickaxe":6},"minecraft:picked_up":{"minecraft:stick":2,"minecraft:oak_log":1,"minecraft:dirt":8,"minecraft:apple":2,"minecraft:stone_pickaxe":7,"minecraft:cobblestone_slab":197,"minecraft:poppy":3,"minecraft:oak_sapling":2,"minecraft:cobblestone":958},"minecraft:broken":{"minecraft:stone_pickaxe":11,"minecraft:wooden_pickaxe":1}},"DataVersion":3465}