{"stats":{"minecraft:used":{"minecraft:water_bucket":3,"minecraft:apple":1,"minecraft:stone_pickaxe":530,"minecraft:wooden_pickaxe":55,"minecraft:cobblestone_slab":242,"minecraft:dirt":2,"minecraft:cobblestone":5,"minecraft:oak_sapling":2,"minecraft:bucket":4},"minecraft:mined":{"minecraft:fire":27,"minecraft:grass_block":6,"minecraft:oak_log":1,"minecraft:cobblestone_slab":5,"minecraft:dirt":2,"minecraft:cobblestone":554},"minecraft:dropped":{"minecraft:water_bucket":1,"minecraft:poppy":1,"minecraft:cobblestone":299,"minecraft:stone_pickaxe":1},"minecraft:custom":{"minecraft:time_since_rest":80602,"minecraft:sprint_one_cm":24384,"minecraft:damage_taken":225,"minecraft:walk_one_cm":96672,"minecraft:drop":33,"minecraft:damage_dealt":94,"minecraft:swim_one_cm":975,"minecraft:interact_with_crafting_table":6,"minecraft:fly_one_cm":21087,"minecraft:open_chest":28,"minecraft:crouch_one_cm":26026,"minecraft:play_time":80602,"minecraft:sneak_time":7670,"minecraft:walk_under_water_one_cm":2330,"minecraft:jump":290,"minecraft:leave_game":2,"minecraft:walk_on_water_one_cm":723,"minecraft:time_since_death":80602,"minecraft:total_world_time":80602,"minecraft:fall_one_cm":1312},"minecraft:crafted":{"minecraft:cobblestone_slab":54,"minecraft:stone_pickaxe":1},"minecraft:picked_up":{"minecraft:stick":2,"minecraft:oak_log":1,"minecraft:dirt":8,"minecraft:apple":1,"minecraft:stone_pickaxe":5,"minecraft:cobblestone_slab":192,"minecraft:poppy":2,"minecraft:oak_sapling":2,"minecraft:cobblestone":437},"minecraft:broken":{"minecraft:stone_pickaxe":4,"minecraft:wooden_pickaxe":1}},"DataVersion":3465}