{"stats":{"minecraft:used":{"minecraft:chiseled_polished_blackstone":2,"minecraft:water_bucket":3,"minecraft:stone_sword":105,"minecraft:stone_pickaxe":1526,"minecraft:baked_potato":9,"minecraft:poppy":1,"minecraft:chest":2,"minecraft:wooden_pickaxe":55,"minecraft:cobblestone_slab":316,"minecraft:cooked_chicken":1,"minecraft:rotten_flesh":6,"minecraft:dirt":13,"minecraft:oak_slab":5,"minecraft:obsidian":10,"minecraft:apple":2,"minecraft:golden_helmet":1,"minecraft:stone_axe":91,"minecraft:cobblestone":31,"minecraft:bow":15,"minecraft:oak_sapling":11,"minecraft:cooked_cod":5,"minecraft:bucket":4,"minecraft:potato":2,"travelersbackpack:enderman":1},"minecraft:mined":{"minecraft:oak_sapling":1,"minecraft:torch":1,"gravestone:gravestone":9,"minecraft:chiseled_polished_blackstone":3,"minecraft:grass_block":6,"minecraft:poppy":1,"minecraft:cobblestone":1509,"minecraft:polished_blackstone_bricks":7,"minecraft:fire":30,"minecraft:oak_log":44,"minecraft:cobblestone_slab":14,"minecraft:dirt":2,"minecraft:netherrack":12,"minecraft:oak_leaves":8},"minecraft:dropped":{"sophisticatedbackpacks:iron_backpack":3,"minecraft:water_bucket":1,"minecraft:stone_axe":1,"minecraft:wheat_seeds":4,"minecraft:cobblestone":599,"minecraft:rotten_flesh":6,"minecraft:poppy":2,"minecraft:cobblestone_slab":4,"minecraft:potato":1,"minecraft:gunpowder":7,"minecraft:cooked_cod":1,"gravestone:obituary":14,"minecraft:gold_nugget":5,"minecraft:arrow":4,"minecraft:stone_pickaxe":3,"minecraft:iron_shovel":1,"minecraft:bone":4},"minecraft:custom":{"minecraft:interact_with_furnace":40,"minecraft:mob_kills":417,"minecraft:interact_with_crafting_table":27,"minecraft:damage_dealt_resisted":73,"minecraft:leave_game":2,"minecraft:time_since_death":41000,"minecraft:time_since_rest":41040,"minecraft:walk_one_cm":321144,"minecraft:sprint_one_cm":207096,"minecraft:damage_taken":3121,"minecraft:drop":84,"minecraft:damage_dealt":6594,"minecraft:damage_dealt_absorbed":4,"minecraft:swim_one_cm":8115,"minecraft:fly_one_cm":110048,"minecraft:open_chest":139,"minecraft:crouch_one_cm":78704,"minecraft:play_time":242602,"minecraft:deaths":9,"minecraft:sneak_time":27027,"minecraft:walk_under_water_one_cm":7895,"minecraft:jump":1137,"minecraft:walk_on_water_one_cm":4622,"minecraft:total_world_time":242602,"minecraft:fall_one_cm":9223},"minecraft:killed":{"minecraft:witch":1,"minecraft:zombie_villager":2,"minecraft:spider":1,"minecraft:creeper":127,"minecraft:skeleton":150,"minecraft:zombie":136},"minecraft:crafted":{"minecraft:cooked_cod":6,"minecraft:oak_planks":4,"minecraft:cobblestone_slab":96,"minecraft:cooked_chicken":1,"minecraft:baked_potato":22,"minecraft:stone_axe":2,"minecraft:air":0,"minecraft:charcoal":6,"minecraft:gold_nugget":5,"minecraft:stick":16,"minecraft:stone_pickaxe":7,"minecraft:chest":2},"minecraft:picked_up":{"sophisticatedbackpacks:gold_backpack":1,"minecraft:chainmail_boots":1,"minecraft:golden_leggings":1,"minecraft:potato":1,"minecraft:oak_log":44,"minecraft:golden_boots":3,"minecraft:gunpowder":156,"minecraft:cornflower":1,"minecraft:dirt":8,"minecraft:string":13,"minecraft:iron_shovel":1,"minecraft:bone":181,"minecraft:apple":3,"minecraft:bow":16,"minecraft:wheat_seeds":6,"travelersbackpack:enderman":1,"minecraft:iron_ingot":3,"minecraft:stone_pickaxe":8,"minecraft:player_head":1,"minecraft:cobblestone_slab":207,"minecraft:poppy":4,"minecraft:golden_helmet":3,"minecraft:stick":13,"minecraft:chiseled_polished_blackstone":3,"minecraft:dandelion":14,"minecraft:polished_blackstone_bricks":7,"sophisticatedbackpacks:iron_backpack":3,"minecraft:golden_chestplate":1,"minecraft:spider_eye":1,"minecraft:arrow":158,"minecraft:rotten_flesh":174,"minecraft:golden_horse_armor":1,"minecraft:oak_sapling":25,"minecraft:netherrack":10,"minecraft:cod":1,"minecraft:cobblestone":999},"minecraft:broken":{"minecraft:stone_pickaxe":12,"minecraft:stone_axe":1,"minecraft:stone_sword":1,"minecraft:wooden_pickaxe":1},"minecraft:killed_by":{"minecraft:skeleton":1,"minecraft:creeper":1,"minecraft:spider":1,"minecraft:witch":2,"minecraft:zombie":2,"minecraft:enderman":2}},"DataVersion":3465}