{"stats":{"minecraft:used":{"minecraft:water_bucket":3,"minecraft:stone_pickaxe":1468,"minecraft:poppy":1,"minecraft:chest":2,"minecraft:wooden_pickaxe":55,"minecraft:cobblestone_slab":284,"minecraft:rotten_flesh":4,"minecraft:dirt":2,"minecraft:apple":2,"minecraft:golden_helmet":1,"minecraft:stone_axe":32,"minecraft:cobblestone":26,"minecraft:bow":15,"minecraft:oak_sapling":7,"minecraft:cooked_cod":1,"minecraft:bucket":4},"minecraft:mined":{"minecraft:torch":1,"gravestone:gravestone":5,"minecraft:grass_block":6,"minecraft:poppy":1,"minecraft:cobblestone":1475,"minecraft:fire":30,"minecraft:oak_log":30,"minecraft:cobblestone_slab":12,"minecraft:dirt":2,"minecraft:oak_leaves":5},"minecraft:dropped":{"minecraft:water_bucket":1,"minecraft:cobblestone":583,"minecraft:rotten_flesh":6,"minecraft:poppy":2,"minecraft:cobblestone_slab":4,"minecraft:potato":1,"minecraft:gunpowder":7,"gravestone:obituary":9,"minecraft:arrow":4,"minecraft:stone_pickaxe":1,"minecraft:bone":4},"minecraft:custom":{"minecraft:interact_with_furnace":16,"minecraft:mob_kills":210,"minecraft:interact_with_crafting_table":22,"minecraft:damage_dealt_resisted":67,"minecraft:leave_game":2,"minecraft:time_since_death":14768,"minecraft:time_since_rest":14817,"minecraft:walk_one_cm":220186,"minecraft:sprint_one_cm":81088,"minecraft:damage_taken":1417,"minecraft:drop":65,"minecraft:damage_dealt":2793,"minecraft:swim_one_cm":8115,"minecraft:fly_one_cm":82744,"minecraft:open_chest":73,"minecraft:crouch_one_cm":48757,"minecraft:play_time":170602,"minecraft:deaths":5,"minecraft:sneak_time":15794,"minecraft:walk_under_water_one_cm":7895,"minecraft:jump":810,"minecraft:walk_on_water_one_cm":4343,"minecraft:total_world_time":170602,"minecraft:fall_one_cm":6334},"minecraft:killed":{"minecraft:zombie_villager":1,"minecraft:spider":1,"minecraft:creeper":67,"minecraft:skeleton":80,"minecraft:zombie":61},"minecraft:picked_up":{"minecraft:chainmail_boots":1,"minecraft:potato":1,"minecraft:oak_log":30,"minecraft:golden_boots":1,"minecraft:gunpowder":87,"minecraft:dirt":8,"minecraft:string":9,"minecraft:bone":116,"minecraft:apple":3,"minecraft:bow":9,"minecraft:iron_ingot":1,"minecraft:stone_pickaxe":7,"minecraft:player_head":1,"minecraft:cobblestone_slab":204,"minecraft:poppy":4,"minecraft:golden_helmet":1,"minecraft:stick":13,"minecraft:spider_eye":1,"minecraft:arrow":100,"minecraft:rotten_flesh":93,"minecraft:oak_sapling":20,"minecraft:cod":1,"minecraft:cobblestone":973},"minecraft:crafted":{"minecraft:cooked_cod":6,"minecraft:oak_planks":4,"minecraft:cobblestone_slab":78,"minecraft:stone_axe":1,"minecraft:charcoal":1,"minecraft:stick":16,"minecraft:stone_pickaxe":6,"minecraft:chest":2},"minecraft:broken":{"minecraft:stone_pickaxe":11,"minecraft:wooden_pickaxe":1},"minecraft:killed_by":{"minecraft:creeper":1,"minecraft:spider":1,"minecraft:zombie":1,"minecraft:enderman":2}},"DataVersion":3465}