{"stats":{"minecraft:used":{"minecraft:water_bucket":3,"minecraft:apple":2,"minecraft:stone_pickaxe":1449,"minecraft:poppy":1,"minecraft:wooden_pickaxe":55,"minecraft:cobblestone_slab":246,"minecraft:rotten_flesh":2,"minecraft:dirt":2,"minecraft:cobblestone":7,"minecraft:oak_sapling":2,"minecraft:bucket":4},"minecraft:mined":{"minecraft:fire":29,"minecraft:torch":1,"gravestone:gravestone":1,"minecraft:grass_block":6,"minecraft:oak_log":1,"minecraft:poppy":1,"minecraft:cobblestone_slab":10,"minecraft:dirt":2,"minecraft:cobblestone":1465},"minecraft:dropped":{"minecraft:water_bucket":1,"minecraft:poppy":1,"minecraft:cobblestone_slab":4,"minecraft:cobblestone":583,"minecraft:stone_pickaxe":1},"minecraft:custom":{"minecraft:time_since_rest":1270,"minecraft:sprint_one_cm":34565,"minecraft:damage_taken":300,"minecraft:walk_one_cm":127273,"minecraft:mob_kills":20,"minecraft:drop":42,"minecraft:damage_dealt":338,"minecraft:swim_one_cm":8115,"minecraft:interact_with_crafting_table":13,"minecraft:fly_one_cm":37440,"minecraft:open_chest":40,"minecraft:deaths":1,"minecraft:crouch_one_cm":29174,"minecraft:play_time":128602,"minecraft:sneak_time":8282,"minecraft:walk_under_water_one_cm":7895,"minecraft:jump":575,"minecraft:leave_game":2,"minecraft:walk_on_water_one_cm":2803,"minecraft:time_since_death":1235,"minecraft:total_world_time":128602,"minecraft:fall_one_cm":4302},"minecraft:killed":{"minecraft:skeleton":5,"minecraft:zombie":9,"minecraft:creeper":6},"minecraft:crafted":{"minecraft:oak_planks":4,"minecraft:cobblestone_slab":54,"minecraft:stick":12,"minecraft:stone_pickaxe":6},"minecraft:picked_up":{"minecraft:stick":2,"minecraft:oak_log":1,"minecraft:gunpowder":11,"minecraft:dirt":8,"minecraft:arrow":4,"minecraft:rotten_flesh":8,"minecraft:bone":6,"minecraft:apple":2,"minecraft:stone_pickaxe":7,"minecraft:cobblestone_slab":197,"minecraft:poppy":3,"minecraft:oak_sapling":2,"minecraft:cobblestone":962},"minecraft:broken":{"minecraft:stone_pickaxe":11,"minecraft:wooden_pickaxe":1},"minecraft:killed_by":{"minecraft:zombie":1}},"DataVersion":3465}