{"stats":{"minecraft:mined":{"minecraft:oak_log":1},"minecraft:dropped":{"minecraft:poppy":1},"minecraft:custom":{"minecraft:jump":40,"minecraft:open_chest":4,"minecraft:time_since_rest":11429,"minecraft:walk_on_water_one_cm":117,"minecraft:damage_dealt":30,"minecraft:crouch_one_cm":913,"minecraft:leave_game":1,"minecraft:play_time":11429,"minecraft:sprint_one_cm":270,"minecraft:damage_taken":225,"minecraft:time_since_death":11429,"minecraft:walk_one_cm":19323,"minecraft:sneak_time":548,"minecraft:total_world_time":11429,"minecraft:fall_one_cm":418,"minecraft:drop":1,"minecraft:fly_one_cm":40},"minecraft:used":{"minecraft:apple":1},"minecraft:picked_up":{"minecraft:poppy":2,"minecraft:apple":1,"minecraft:stick":2,"minecraft:oak_log":1}},"DataVersion":3465}