{"stats":{"minecraft:used":{"minecraft:water_bucket":3,"minecraft:apple":2,"minecraft:stone_pickaxe":1157,"minecraft:poppy":1,"minecraft:wooden_pickaxe":55,"minecraft:cobblestone_slab":244,"minecraft:dirt":2,"minecraft:cobblestone":5,"minecraft:oak_sapling":2,"minecraft:bucket":4},"minecraft:mined":{"minecraft:fire":27,"minecraft:torch":1,"minecraft:grass_block":6,"minecraft:oak_log":1,"minecraft:poppy":1,"minecraft:cobblestone_slab":7,"minecraft:dirt":2,"minecraft:cobblestone":1177},"minecraft:dropped":{"minecraft:water_bucket":1,"minecraft:poppy":1,"minecraft:cobblestone":394,"minecraft:stone_pickaxe":1},"minecraft:custom":{"minecraft:time_since_rest":104602,"minecraft:sprint_one_cm":24384,"minecraft:damage_taken":225,"minecraft:walk_one_cm":99315,"minecraft:drop":35,"minecraft:damage_dealt":121,"minecraft:swim_one_cm":975,"minecraft:interact_with_crafting_table":10,"minecraft:fly_one_cm":21087,"minecraft:open_chest":30,"minecraft:crouch_one_cm":27754,"minecraft:play_time":104602,"minecraft:sneak_time":7748,"minecraft:walk_under_water_one_cm":2330,"minecraft:jump":309,"minecraft:leave_game":2,"minecraft:walk_on_water_one_cm":784,"minecraft:time_since_death":104602,"minecraft:total_world_time":104602,"minecraft:fall_one_cm":1312},"minecraft:crafted":{"minecraft:oak_planks":4,"minecraft:cobblestone_slab":54,"minecraft:stick":8,"minecraft:stone_pickaxe":4},"minecraft:picked_up":{"minecraft:stick":2,"minecraft:oak_log":1,"minecraft:dirt":8,"minecraft:apple":2,"minecraft:stone_pickaxe":6,"minecraft:cobblestone_slab":194,"minecraft:poppy":3,"minecraft:oak_sapling":2,"minecraft:cobblestone":769},"minecraft:broken":{"minecraft:stone_pickaxe":8,"minecraft:wooden_pickaxe":1}},"DataVersion":3465}