{"stats":{"minecraft:mined":{"minecraft:grass_block":1,"minecraft:oak_log":1,"minecraft:cobblestone_slab":3,"minecraft:fire":3,"minecraft:cobblestone":41},"minecraft:dropped":{"minecraft:cobblestone":1,"minecraft:poppy":1},"minecraft:crafted":{"minecraft:cobblestone_slab":48},"minecraft:custom":{"minecraft:time_since_rest":39909,"minecraft:open_chest":26,"minecraft:crouch_one_cm":25129,"minecraft:sprint_one_cm":24384,"minecraft:play_time":39909,"minecraft:damage_taken":225,"minecraft:walk_one_cm":61411,"minecraft:sneak_time":6606,"minecraft:walk_under_water_one_cm":2330,"minecraft:drop":2,"minecraft:jump":207,"minecraft:damage_dealt":40,"minecraft:leave_game":2,"minecraft:time_since_death":39909,"minecraft:walk_on_water_one_cm":723,"minecraft:total_world_time":39909,"minecraft:swim_one_cm":975,"minecraft:interact_with_crafting_table":4,"minecraft:fall_one_cm":1312,"minecraft:fly_one_cm":20926},"minecraft:picked_up":{"minecraft:stick":2,"minecraft:apple":1,"minecraft:stone_pickaxe":1,"minecraft:cobblestone_slab":188,"minecraft:oak_log":1,"minecraft:poppy":2,"minecraft:dirt":1,"minecraft:cobblestone":105},"minecraft:used":{"minecraft:water_bucket":2,"minecraft:apple":1,"minecraft:cobblestone":1,"minecraft:bucket":3,"minecraft:wooden_pickaxe":44,"minecraft:cobblestone_slab":234}},"DataVersion":3465}