{"stats":{"minecraft:used":{"minecraft:water_bucket":3,"minecraft:apple":1,"minecraft:stone_pickaxe":234,"minecraft:wooden_pickaxe":55,"minecraft:cobblestone_slab":234,"minecraft:cobblestone":1,"minecraft:oak_sapling":2,"minecraft:bucket":4},"minecraft:mined":{"minecraft:fire":23,"minecraft:grass_block":1,"minecraft:oak_log":1,"minecraft:cobblestone_slab":3,"minecraft:cobblestone":266},"minecraft:dropped":{"minecraft:water_bucket":1,"minecraft:poppy":1,"minecraft:cobblestone":89,"minecraft:stone_pickaxe":1},"minecraft:custom":{"minecraft:time_since_rest":56602,"minecraft:sprint_one_cm":24384,"minecraft:damage_taken":225,"minecraft:walk_one_cm":73962,"minecraft:drop":27,"minecraft:damage_dealt":80,"minecraft:swim_one_cm":975,"minecraft:interact_with_crafting_table":4,"minecraft:fly_one_cm":20979,"minecraft:open_chest":26,"minecraft:crouch_one_cm":25627,"minecraft:play_time":56602,"minecraft:sneak_time":7023,"minecraft:walk_under_water_one_cm":2330,"minecraft:jump":227,"minecraft:leave_game":2,"minecraft:walk_on_water_one_cm":723,"minecraft:time_since_death":56602,"minecraft:total_world_time":56602,"minecraft:fall_one_cm":1312},"minecraft:crafted":{"minecraft:cobblestone_slab":48},"minecraft:picked_up":{"minecraft:stick":2,"minecraft:oak_log":1,"minecraft:dirt":1,"minecraft:apple":1,"minecraft:stone_pickaxe":3,"minecraft:cobblestone_slab":188,"minecraft:poppy":2,"minecraft:oak_sapling":2,"minecraft:cobblestone":212},"minecraft:broken":{"minecraft:stone_pickaxe":1,"minecraft:wooden_pickaxe":1}},"DataVersion":3465}