{"stats":{"minecraft:mined":{"minecraft:grass_block":1,"minecraft:oak_log":1,"minecraft:cobblestone_slab":3,"minecraft:fire":2,"minecraft:cobblestone":1},"minecraft:dropped":{"minecraft:cobblestone":1,"minecraft:poppy":1},"minecraft:crafted":{"minecraft:cobblestone_slab":6},"minecraft:custom":{"minecraft:time_since_rest":23429,"minecraft:open_chest":15,"minecraft:crouch_one_cm":20479,"minecraft:sprint_one_cm":6578,"minecraft:play_time":23429,"minecraft:damage_taken":225,"minecraft:walk_one_cm":43895,"minecraft:sneak_time":4977,"minecraft:walk_under_water_one_cm":1940,"minecraft:drop":2,"minecraft:jump":100,"minecraft:damage_dealt":30,"minecraft:leave_game":1,"minecraft:time_since_death":23429,"minecraft:walk_on_water_one_cm":196,"minecraft:total_world_time":23429,"minecraft:swim_one_cm":975,"minecraft:interact_with_crafting_table":2,"minecraft:fall_one_cm":627,"minecraft:fly_one_cm":4540},"minecraft:used":{"minecraft:apple":1,"minecraft:cobblestone":1,"minecraft:wooden_pickaxe":4,"minecraft:cobblestone_slab":184},"minecraft:picked_up":{"minecraft:stick":2,"minecraft:apple":1,"minecraft:cobblestone_slab":188,"minecraft:oak_log":1,"minecraft:poppy":2,"minecraft:dirt":1,"minecraft:cobblestone":7}},"DataVersion":3465}