{"stats":{"minecraft:killed":{"minecraft:zombified_piglin":3,"minecraft:witch":7,"minecraft:allay":3,"minecraft:wither":32,"minecraft:phantom":2,"minecraft:drowned":165,"minecraft:tropical_fish":57,"minecraft:husk":32,"minecraft:wandering_trader":3,"minecraft:creeper":1,"minecraft:zombie":11,"minecraft:ghast":1,"minecraft:wither_skeleton":12,"minecraft:villager":6,"minecraft:blaze":7},"minecraft:crafted":{"minecraft:pointed_dripstone":14,"minecraft:spore_blossom":1,"minecraft:filled_map":6,"minecraft:clay_ball":24,"minecraft:emerald":2,"minecraft:map":2,"minecraft:rooted_dirt":10,"minecraft:kelp":1,"minecraft:moss_block":4,"minecraft:air":0,"minecraft:clay":13,"minecraft:small_dripleaf":12,"minecraft:firework_rocket":96},"minecraft:picked_up":{"minecraft:fishing_rod":1,"minecraft:mud":4,"minecraft:bubble_coral_fan":2,"minecraft:clay_ball":334,"minecraft:fire_coral":3,"minecraft:amethyst_block":65,"minecraft:string":1,"minecraft:moss_carpet":11,"minecraft:soul_soil":2,"minecraft:blackstone":67,"minecraft:sea_pickle":2,"minecraft:gold_nugget":2,"minecraft:written_book":1,"minecraft:bubble_coral":3,"minecraft:cobblestone_slab":1,"minecraft:poppy":1,"minecraft:sugar_cane":1,"minecraft:mangrove_log":6,"minecraft:stick":11,"minecraft:copper_ingot":15,"minecraft:torch":1,"minecraft:amethyst_cluster":210,"minecraft:fire_charge":2,"minecraft:pointed_dripstone":8,"minecraft:trident":1,"minecraft:vine":1,"minecraft:redstone":4,"minecraft:golden_chestplate":1,"minecraft:dark_oak_planks":81,"minecraft:horn_coral_fan":1,"minecraft:tube_coral":1,"minecraft:rotten_flesh":414,"minecraft:tropical_fish":137,"minecraft:pumpkin_pie":39,"minecraft:mangrove_roots":22,"minecraft:gold_ingot":3,"minecraft:fire_coral_fan":1,"minecraft:blaze_rod":7,"minecraft:obsidian":11,"minecraft:cobblestone":101,"minecraft:nautilus_shell":7,"minecraft:water_bucket":1,"minecraft:andesite":11,"minecraft:potato":1,"minecraft:birch_planks":23,"minecraft:ice":1,"minecraft:prismarine_bricks":146,"minecraft:oak_log":1,"minecraft:lily_pad":2,"minecraft:ancient_debris":2,"minecraft:gunpowder":5,"minecraft:horn_coral":1,"minecraft:cobblestone_stairs":1,"minecraft:dirt":17,"minecraft:bone":10,"minecraft:wheat_seeds":2,"minecraft:moss_block":1,"minecraft:flowering_azalea":1,"minecraft:soul_sand":2,"minecraft:brain_coral":2,"minecraft:dark_oak_stairs":1,"minecraft:sculk_catalyst":2,"minecraft:quartz":5,"minecraft:dandelion":14,"minecraft:brain_coral_fan":2,"minecraft:gravel":1,"minecraft:lava_bucket":11,"minecraft:sand":16,"minecraft:dark_oak_log":14,"minecraft:mossy_cobblestone":3,"minecraft:pumpkin_seeds":1,"minecraft:sugar":4,"minecraft:tropical_fish_spawn_egg":1,"minecraft:honey_block":64,"minecraft:blue_ice":1,"minecraft:bone_meal":18,"minecraft:emerald":51,"minecraft:oak_sapling":1,"minecraft:dark_oak_fence":1,"minecraft:mangrove_propagule":6,"minecraft:coal":4,"minecraft:nether_star":33,"minecraft:diamond_pickaxe":2},"minecraft:custom":{"minecraft:interact_with_anvil":7,"minecraft:mob_kills":371,"minecraft:inspect_hopper":3,"minecraft:interact_with_crafting_table":29,"minecraft:leave_game":155,"minecraft:time_since_death":243497,"minecraft:climb_one_cm":413,"minecraft:sprint_one_cm":40263,"minecraft:walk_one_cm":398362,"minecraft:drop":427,"minecraft:talked_to_villager":65,"minecraft:play_time":3386538,"minecraft:sneak_time":36434,"minecraft:deaths":9,"minecraft:walk_under_water_one_cm":40421,"minecraft:jump":3380,"minecraft:walk_on_water_one_cm":18495,"minecraft:total_world_time":762191,"minecraft:traded_with_villager":26,"minecraft:sleep_in_bed":1,"minecraft:time_since_rest":183943,"minecraft:damage_taken":4336,"minecraft:damage_dealt":151359,"minecraft:fly_one_cm":20879456,"minecraft:pig_one_cm":3564,"minecraft:open_chest":213,"minecraft:crouch_one_cm":36264,"minecraft:aviate_one_cm":3232653,"minecraft:fall_one_cm":27660},"minecraft:used":{"minecraft:moss_carpet":1,"minecraft:netherite_sword":459,"minecraft:writable_book":1,"minecraft:polished_blackstone_brick_slab":1,"minecraft:melon":1,"minecraft:flint_and_steel":1,"minecraft:carved_pumpkin":3,"minecraft:poppy":4,"minecraft:bone_block":22,"minecraft:chest":5,"minecraft:stone":169,"minecraft:zombie_spawn_egg":11,"minecraft:wither_skeleton_spawn_egg":12,"minecraft:structure_block":77,"minecraft:grass":4,"minecraft:netherrack":143,"minecraft:bee_spawn_egg":10,"minecraft:anvil":2,"minecraft:torch":2,"minecraft:dirt":55,"minecraft:soul_sand":35,"minecraft:warped_wart_block":61,"minecraft:cocoa_beans":9,"minecraft:hopper":2,"minecraft:twisting_vines":7,"minecraft:bee_nest":3,"minecraft:beehive":1,"minecraft:snowball":7635,"minecraft:azure_bluet":1,"minecraft:obsidian":461,"minecraft:wandering_trader_spawn_egg":42,"minecraft:jungle_sapling":4,"minecraft:honey_block":15,"minecraft:lava_bucket":1,"minecraft:villager_spawn_egg":24,"minecraft:grass_block":110,"minecraft:muddy_mangrove_roots":6,"minecraft:iron_block":8,"minecraft:warped_nylium":71,"minecraft:mangrove_roots":13,"minecraft:polished_blackstone_brick_stairs":10,"minecraft:tropical_fish_spawn_egg":56,"minecraft:piglin_brute_spawn_egg":11,"minecraft:honeycomb_block":4,"minecraft:warped_fungus":10,"minecraft:blaze_spawn_egg":7,"minecraft:bedrock":56,"minecraft:basalt":104,"minecraft:golden_carrot":1,"minecraft:sweet_berries":1,"minecraft:written_book":1,"minecraft:soul_soil":22,"minecraft:oak_sapling":1,"minecraft:drowned_spawn_egg":167,"minecraft:gold_block":2,"minecraft:zombified_piglin_spawn_egg":3,"minecraft:mangrove_leaves":4,"minecraft:chiseled_polished_blackstone":3,"minecraft:zombie_horse_spawn_egg":1,"minecraft:water_bucket":145,"minecraft:warped_stem":5,"minecraft:amethyst_block":4,"minecraft:wither_skeleton_skull":9,"minecraft:witch_spawn_egg":7,"minecraft:sandstone":559,"minecraft:redstone_block":3,"minecraft:composter":32,"minecraft:blackstone":108,"minecraft:clay":2,"minecraft:polished_blackstone_bricks":8,"minecraft:sand":370,"minecraft:crafting_table":11,"minecraft:white_bed":1,"minecraft:crossbow":3,"minecraft:campfire":1,"minecraft:sponge":7,"minecraft:shears":1,"minecraft:warped_planks":10,"minecraft:creeper_spawn_egg":1,"minecraft:oak_log":2,"minecraft:mud":523,"minecraft:command_block":11,"minecraft:dark_oak_log":8,"minecraft:nether_sprouts":1,"minecraft:mangrove_propagule":12,"minecraft:string":19,"minecraft:pig_spawn_egg":3,"minecraft:cat_spawn_egg":1,"minecraft:crimson_nylium":13,"minecraft:diamond_sword":240,"minecraft:crimson_fungus":1,"minecraft:fire_charge":75,"minecraft:cobblestone":43,"minecraft:dark_oak_fence":21,"minecraft:dandelion":1,"minecraft:repeating_command_block":9,"minecraft:splash_potion":158,"minecraft:tropical_fish_bucket":1,"minecraft:husk_spawn_egg":32,"minecraft:bone_meal":577},"minecraft:mined":{"minecraft:grass_block":6,"minecraft:mangrove_propagule":2,"minecraft:vine":1,"minecraft:clay":2,"minecraft:mangrove_leaves":1,"minecraft:grass":3,"minecraft:oak_log":2,"minecraft:dirt":4},"minecraft:dropped":{"minecraft:water_bucket":4,"minecraft:clay":75,"minecraft:soul_sand":2,"minecraft:moss_block":67,"minecraft:drowned_spawn_egg":5,"minecraft:wheat_seeds":1,"minecraft:diamond_axe":1,"minecraft:oak_log":1,"minecraft:nether_star":33,"minecraft:spore_blossom":1,"minecraft:crafting_table":4,"minecraft:dark_oak_sapling":2,"minecraft:creeper_spawn_egg":1,"minecraft:witch_spawn_egg":1,"minecraft:rooted_dirt":10,"minecraft:amethyst_block":130,"minecraft:tube_coral_fan":4,"minecraft:honeycomb":64,"minecraft:copper_ingot":15,"minecraft:bedrock":2,"minecraft:tropical_fish":20,"minecraft:bubble_coral_fan":6,"minecraft:elytra":1,"minecraft:grass_block":14,"minecraft:coal":4,"minecraft:stick":3,"minecraft:emerald":65,"minecraft:turtle_egg":65,"minecraft:lava_bucket":8,"minecraft:iron_block":3,"minecraft:dirt":10,"minecraft:melon":1,"minecraft:bee_spawn_egg":3,"minecraft:grass":3,"minecraft:wither_skeleton_spawn_egg":2,"minecraft:packed_ice":1,"minecraft:golden_carrot":63,"minecraft:melon_slice":1,"minecraft:husk_spawn_egg":3,"minecraft:map":2,"minecraft:blaze_spawn_egg":1,"minecraft:snowball":3,"minecraft:fire_charge":67,"minecraft:jungle_sapling":3,"minecraft:gold_nugget":1,"minecraft:pumpkin_pie":1,"minecraft:bone_meal":11,"minecraft:flowering_azalea":1,"minecraft:sand":75,"minecraft:sugar":4,"minecraft:tube_coral":5,"minecraft:iron_pickaxe":1,"minecraft:tropical_fish_spawn_egg":2,"minecraft:paper":61,"minecraft:fishing_rod":1,"minecraft:bucket":5,"minecraft:beetroot_soup":1,"minecraft:spruce_sapling":2,"minecraft:redstone_block":2,"minecraft:dandelion":81,"minecraft:gold_ingot":1,"minecraft:bone":10,"minecraft:redstone":68,"minecraft:gravel":124,"minecraft:brain_coral_fan":6,"minecraft:bubble_coral":5,"minecraft:zombie_spawn_egg":1,"minecraft:kelp":2,"minecraft:ancient_debris":2,"minecraft:soul_soil":3,"minecraft:dragon_head":1,"minecraft:golden_chestplate":1,"minecraft:blaze_rod":2,"minecraft:cocoa_beans":1,"minecraft:diamond_hoe":1,"minecraft:netherite_sword":6,"minecraft:birch_sapling":2,"minecraft:obsidian":69,"minecraft:pointed_dripstone":20,"minecraft:composter":1,"minecraft:rotten_flesh":423,"minecraft:wither_skeleton_skull":1,"minecraft:clay_ball":301,"minecraft:villager_spawn_egg":1,"minecraft:diamond_shovel":1,"minecraft:structure_block":1,"minecraft:beehive":1,"minecraft:azure_bluet":1,"minecraft:honey_bottle":19,"minecraft:zombified_piglin_spawn_egg":1,"minecraft:wandering_trader_spawn_egg":1,"minecraft:warped_planks":1,"minecraft:carrot":1,"minecraft:pumpkin_seeds":1,"minecraft:flint_and_steel":1,"minecraft:filled_map":5,"minecraft:diamond_sword":8,"minecraft:poppy":1,"minecraft:potato":2,"minecraft:stone":67,"minecraft:trident":1,"minecraft:gunpowder":5,"minecraft:diamond_pickaxe":5,"minecraft:horn_coral_fan":1,"minecraft:honey_block":128,"minecraft:fire_coral_fan":1,"minecraft:fire_coral":2,"minecraft:chest":1,"minecraft:acacia_sapling":2,"minecraft:oak_sapling":5,"minecraft:bee_nest":2,"minecraft:carved_pumpkin":1,"minecraft:small_dripleaf":12,"minecraft:stone_bricks":64,"minecraft:brain_coral":6,"minecraft:sandstone":1,"minecraft:basalt":65,"minecraft:campfire":1,"minecraft:nautilus_shell":6,"minecraft:quartz":1,"minecraft:splash_potion":1,"minecraft:netherrack":1,"minecraft:amethyst_cluster":226,"minecraft:firework_rocket":1}},"DataVersion":3465}