{"stats":{"minecraft:used":{"minecraft:wheat_seeds":3,"minecraft:oak_trapdoor":71,"minecraft:stone_sword":158,"minecraft:water_bucket":95,"minecraft:stone_pickaxe":415,"minecraft:baked_potato":4,"minecraft:oak_planks":2,"minecraft:wooden_pickaxe":4,"minecraft:composter":1,"minecraft:cobblestone_slab":89,"minecraft:sugar_cane":11,"minecraft:stone_hoe":2,"minecraft:rotten_flesh":8,"minecraft:torch":36,"minecraft:dirt":1,"minecraft:crafting_table":1,"minecraft:oak_log":1,"minecraft:lava_bucket":2,"minecraft:stone_axe":169,"minecraft:fishing_rod":33,"minecraft:cobblestone":1377,"minecraft:bow":16,"minecraft:cooked_cod":6,"minecraft:oak_sapling":40,"minecraft:furnace":1,"minecraft:bucket":95,"minecraft:ice":1,"minecraft:oak_boat":1,"minecraft:sea_pickle":2,"minecraft:potato":38,"minecraft:bone_meal":125},"minecraft:mined":{"minecraft:oak_sapling":4,"minecraft:dandelion":11,"minecraft:cornflower":1,"minecraft:torch":23,"gravestone:gravestone":7,"minecraft:grass_block":5,"minecraft:poppy":1,"minecraft:tall_grass":59,"minecraft:cobblestone":399,"minecraft:oak_planks":2,"minecraft:sugar_cane":17,"minecraft:wall_torch":4,"minecraft:seagrass":2,"minecraft:tall_seagrass":1,"minecraft:oak_trapdoor":2,"minecraft:sea_pickle":2,"minecraft:wheat":2,"minecraft:fire":23,"minecraft:ice":1,"minecraft:grass":68,"minecraft:potatoes":20,"minecraft:oak_log":113,"minecraft:cobblestone_slab":10,"minecraft:dirt":1,"minecraft:oak_leaves":44},"minecraft:dropped":{"sophisticatedbackpacks:iron_backpack":3,"minecraft:stone_axe":1,"minecraft:golden_helmet":2,"minecraft:cobblestone":64,"minecraft:apple":2,"minecraft:poppy":8,"minecraft:potato":1,"minecraft:cobblestone_slab":184,"minecraft:cornflower":1,"gravestone:obituary":3,"minecraft:stone_pickaxe":10,"minecraft:dandelion":14},"minecraft:custom":{"minecraft:interact_with_furnace":26,"minecraft:mob_kills":420,"minecraft:interact_with_crafting_table":48,"minecraft:damage_dealt_resisted":295,"minecraft:leave_game":4,"minecraft:time_since_death":14153,"minecraft:time_since_rest":14187,"minecraft:damage_taken":2707,"minecraft:sprint_one_cm":139689,"minecraft:walk_one_cm":314908,"minecraft:drop":39,"minecraft:damage_dealt":3793,"minecraft:swim_one_cm":4397,"minecraft:fly_one_cm":82508,"minecraft:open_chest":116,"minecraft:crouch_one_cm":102969,"minecraft:play_time":220397,"minecraft:deaths":8,"minecraft:sneak_time":23713,"minecraft:walk_under_water_one_cm":34499,"minecraft:jump":580,"minecraft:walk_on_water_one_cm":17657,"minecraft:total_world_time":220397,"minecraft:fish_caught":19,"minecraft:fall_one_cm":5256},"minecraft:killed":{"minecraft:zombie_villager":2,"minecraft:spider":1,"minecraft:creeper":120,"minecraft:skeleton":137,"minecraft:zombie":159,"minecraft:chicken":1},"minecraft:crafted":{"minecraft:cooked_cod":6,"minecraft:oak_planks":260,"minecraft:oak_slab":12,"minecraft:cobblestone_slab":276,"minecraft:fishing_rod":1,"minecraft:crafting_table":1,"minecraft:wooden_pickaxe":1,"minecraft:baked_potato":13,"minecraft:furnace":1,"minecraft:bone_meal":237,"minecraft:stone_axe":2,"minecraft:air":0,"minecraft:oak_trapdoor":66,"minecraft:oak_boat":1,"minecraft:charcoal":26,"minecraft:stick":28,"minecraft:stone_pickaxe":9,"minecraft:stone_sword":2,"minecraft:composter":1,"minecraft:torch":64,"minecraft:stone_hoe":1},"minecraft:picked_up":{"minecraft:wheat":2,"minecraft:feather":1,"minecraft:chainmail_boots":1,"minecraft:chicken":1,"minecraft:salmon":2,"minecraft:water_bucket":1,"minecraft:golden_leggings":1,"minecraft:potato":73,"minecraft:oak_log":112,"minecraft:lily_pad":2,"minecraft:cornflower":1,"minecraft:gunpowder":132,"minecraft:dirt":6,"minecraft:string":16,"minecraft:oak_trapdoor":5,"minecraft:name_tag":1,"minecraft:iron_shovel":1,"minecraft:leather_boots":1,"minecraft:pufferfish":2,"minecraft:bone":135,"minecraft:apple":2,"minecraft:sea_pickle":2,"minecraft:bow":11,"minecraft:wheat_seeds":20,"minecraft:iron_ingot":1,"minecraft:stone_pickaxe":5,"minecraft:cobblestone_slab":14,"minecraft:player_head":2,"minecraft:poppy":8,"minecraft:sugar_cane":22,"minecraft:oak_planks":2,"minecraft:golden_helmet":2,"minecraft:stick":20,"minecraft:torch":28,"minecraft:bowl":1,"minecraft:dandelion":11,"sophisticatedbackpacks:iron_backpack":5,"minecraft:carrot":1,"minecraft:arrow":173,"minecraft:rotten_flesh":178,"minecraft:cooked_cod":1,"minecraft:stone_axe":2,"minecraft:bone_meal":1,"minecraft:chainmail_helmet":1,"minecraft:oak_sapling":49,"minecraft:cod":14,"minecraft:cobblestone":1334,"minecraft:ender_pearl":1},"minecraft:broken":{"minecraft:stone_pickaxe":2,"minecraft:stone_sword":1,"minecraft:stone_axe":1},"minecraft:killed_by":{"minecraft:skeleton":3,"minecraft:creeper":1,"minecraft:witch":1}},"DataVersion":3465}