{"stats":{"minecraft:used":{"minecraft:water_bucket":6,"minecraft:lava_bucket":2,"minecraft:stone_pickaxe":284,"minecraft:wooden_pickaxe":4,"minecraft:sugar_cane":4,"minecraft:cobblestone_slab":23,"minecraft:stone_axe":10,"minecraft:dirt":1,"minecraft:cobblestone":119,"minecraft:crafting_table":1,"minecraft:oak_sapling":6,"minecraft:bucket":6,"minecraft:ice":1,"minecraft:sea_pickle":2},"minecraft:mined":{"minecraft:sea_pickle":2,"minecraft:fire":5,"minecraft:ice":1,"minecraft:dandelion":1,"minecraft:grass":11,"minecraft:grass_block":5,"minecraft:oak_log":15,"minecraft:poppy":1,"minecraft:cobblestone_slab":1,"minecraft:dirt":1,"minecraft:cobblestone":283,"minecraft:sugar_cane":1,"minecraft:oak_leaves":24},"minecraft:dropped":{"minecraft:poppy":1,"minecraft:cobblestone_slab":184,"minecraft:stone_axe":1,"minecraft:cobblestone":64,"minecraft:apple":1,"minecraft:stone_pickaxe":1},"minecraft:custom":{"minecraft:time_since_rest":45252,"minecraft:damage_taken":240,"minecraft:sprint_one_cm":11191,"minecraft:walk_one_cm":32186,"minecraft:drop":10,"minecraft:damage_dealt":15,"minecraft:interact_with_crafting_table":13,"minecraft:fly_one_cm":10214,"minecraft:open_chest":26,"minecraft:crouch_one_cm":13064,"minecraft:play_time":58599,"minecraft:deaths":1,"minecraft:sneak_time":3443,"minecraft:walk_under_water_one_cm":987,"minecraft:jump":103,"minecraft:leave_game":3,"minecraft:time_since_death":45217,"minecraft:walk_on_water_one_cm":1980,"minecraft:total_world_time":58599,"minecraft:fall_one_cm":627},"minecraft:crafted":{"minecraft:oak_planks":16,"minecraft:cobblestone_slab":204,"minecraft:crafting_table":1,"minecraft:stick":16,"minecraft:wooden_pickaxe":1,"minecraft:stone_pickaxe":4,"minecraft:stone_axe":1},"minecraft:picked_up":{"minecraft:stick":3,"minecraft:water_bucket":1,"minecraft:dandelion":1,"minecraft:oak_log":15,"minecraft:dirt":6,"minecraft:apple":1,"minecraft:sea_pickle":2,"minecraft:stone_axe":1,"minecraft:wheat_seeds":1,"minecraft:cobblestone_slab":1,"minecraft:poppy":1,"minecraft:oak_sapling":6,"minecraft:sugar_cane":3,"minecraft:cobblestone":272},"minecraft:broken":{"minecraft:stone_pickaxe":2}},"DataVersion":3465}