{"stats":{"minecraft:used":{"minecraft:water_bucket":31,"minecraft:stone_pickaxe":326,"minecraft:oak_planks":2,"minecraft:wooden_pickaxe":4,"minecraft:composter":1,"minecraft:sugar_cane":10,"minecraft:cobblestone_slab":42,"minecraft:rotten_flesh":2,"minecraft:torch":3,"minecraft:dirt":1,"minecraft:crafting_table":1,"minecraft:oak_log":1,"minecraft:lava_bucket":2,"minecraft:stone_axe":117,"minecraft:cobblestone":420,"minecraft:oak_sapling":38,"minecraft:furnace":1,"minecraft:bucket":32,"minecraft:ice":1,"minecraft:sea_pickle":2,"minecraft:bone_meal":1},"minecraft:mined":{"minecraft:oak_sapling":4,"minecraft:dandelion":1,"gravestone:gravestone":1,"minecraft:grass_block":5,"minecraft:poppy":1,"minecraft:cobblestone":322,"minecraft:sugar_cane":9,"minecraft:oak_planks":2,"minecraft:seagrass":2,"minecraft:tall_seagrass":1,"minecraft:sea_pickle":2,"minecraft:fire":19,"minecraft:ice":1,"minecraft:grass":11,"minecraft:oak_log":102,"minecraft:cobblestone_slab":2,"minecraft:dirt":1,"minecraft:oak_leaves":43},"minecraft:dropped":{"minecraft:stone_axe":1,"minecraft:cobblestone":64,"minecraft:apple":2,"minecraft:poppy":1,"minecraft:cobblestone_slab":184,"gravestone:obituary":1,"minecraft:stone_pickaxe":8},"minecraft:custom":{"minecraft:interact_with_furnace":6,"minecraft:mob_kills":1,"minecraft:interact_with_crafting_table":29,"minecraft:leave_game":3,"minecraft:time_since_death":41433,"minecraft:time_since_rest":41475,"minecraft:sprint_one_cm":27047,"minecraft:damage_taken":519,"minecraft:walk_one_cm":90677,"minecraft:drop":19,"minecraft:damage_dealt":185,"minecraft:swim_one_cm":208,"minecraft:fly_one_cm":24346,"minecraft:open_chest":54,"minecraft:crouch_one_cm":33481,"minecraft:play_time":106599,"minecraft:deaths":2,"minecraft:sneak_time":7989,"minecraft:walk_under_water_one_cm":11687,"minecraft:jump":256,"minecraft:walk_on_water_one_cm":8549,"minecraft:total_world_time":106599,"minecraft:fall_one_cm":1256},"minecraft:killed":{"minecraft:zombie":1},"minecraft:picked_up":{"minecraft:water_bucket":1,"minecraft:oak_log":101,"minecraft:dirt":6,"minecraft:apple":2,"minecraft:sea_pickle":2,"minecraft:wheat_seeds":1,"minecraft:stone_pickaxe":3,"minecraft:cobblestone_slab":3,"minecraft:poppy":1,"minecraft:sugar_cane":14,"minecraft:oak_planks":2,"minecraft:stick":18,"minecraft:torch":1,"minecraft:dandelion":1,"minecraft:rotten_flesh":2,"minecraft:stone_axe":1,"minecraft:bone_meal":1,"minecraft:oak_sapling":47,"minecraft:cobblestone":939},"minecraft:crafted":{"minecraft:oak_planks":44,"minecraft:oak_slab":12,"minecraft:cobblestone_slab":222,"minecraft:crafting_table":1,"minecraft:wooden_pickaxe":1,"minecraft:furnace":1,"minecraft:stone_axe":1,"minecraft:air":0,"minecraft:charcoal":13,"minecraft:stick":16,"minecraft:stone_pickaxe":8,"minecraft:composter":1,"minecraft:torch":40},"minecraft:broken":{"minecraft:stone_pickaxe":2}},"DataVersion":3465}