{"stats":{"minecraft:mined":{"minecraft:grass":11,"minecraft:poppy":1,"minecraft:dandelion":1,"minecraft:oak_leaves":14},"minecraft:dropped":{"minecraft:poppy":1},"minecraft:custom":{"minecraft:time_since_rest":13235,"minecraft:open_chest":3,"minecraft:crouch_one_cm":6163,"minecraft:sprint_one_cm":784,"minecraft:play_time":13235,"minecraft:damage_taken":30,"minecraft:walk_one_cm":6094,"minecraft:sneak_time":1158,"minecraft:drop":1,"minecraft:jump":14,"minecraft:damage_dealt":15,"minecraft:leave_game":2,"minecraft:time_since_death":13235,"minecraft:total_world_time":13235,"minecraft:fall_one_cm":418,"minecraft:fly_one_cm":118},"minecraft:picked_up":{"minecraft:stick":2,"minecraft:wheat_seeds":1,"minecraft:dandelion":1,"minecraft:poppy":1}},"DataVersion":3465}