{"stats":{"minecraft:mined":{"minecraft:grass":11,"minecraft:poppy":1,"minecraft:dandelion":1},"minecraft:custom":{"minecraft:jump":1,"minecraft:open_chest":1,"minecraft:time_since_rest":5708,"minecraft:crouch_one_cm":1774,"minecraft:leave_game":1,"minecraft:sprint_one_cm":36,"minecraft:play_time":5708,"minecraft:time_since_death":5708,"minecraft:walk_one_cm":1667,"minecraft:sneak_time":247,"minecraft:total_world_time":5708},"minecraft:picked_up":{"minecraft:poppy":1,"minecraft:wheat_seeds":1,"minecraft:dandelion":1}},"DataVersion":3465}