{"stats":{"minecraft:used":{"minecraft:oak_trapdoor":41,"minecraft:water_bucket":56,"minecraft:stone_pickaxe":334,"minecraft:oak_planks":2,"minecraft:wooden_pickaxe":4,"minecraft:composter":1,"minecraft:sugar_cane":10,"minecraft:cobblestone_slab":42,"minecraft:rotten_flesh":2,"minecraft:torch":31,"minecraft:dirt":1,"minecraft:crafting_table":1,"minecraft:oak_log":1,"minecraft:lava_bucket":2,"minecraft:stone_axe":133,"minecraft:cobblestone":1148,"minecraft:oak_sapling":40,"minecraft:furnace":1,"minecraft:bucket":57,"minecraft:ice":1,"minecraft:sea_pickle":2,"minecraft:bone_meal":1},"minecraft:mined":{"minecraft:oak_sapling":4,"minecraft:dandelion":1,"minecraft:torch":2,"gravestone:gravestone":1,"minecraft:grass_block":5,"minecraft:poppy":1,"minecraft:cobblestone":330,"minecraft:sugar_cane":12,"minecraft:oak_planks":2,"minecraft:wall_torch":3,"minecraft:seagrass":2,"minecraft:tall_seagrass":1,"minecraft:oak_trapdoor":1,"minecraft:sea_pickle":2,"minecraft:fire":19,"minecraft:ice":1,"minecraft:grass":11,"minecraft:oak_log":113,"minecraft:cobblestone_slab":2,"minecraft:dirt":1,"minecraft:oak_leaves":43},"minecraft:dropped":{"minecraft:stone_axe":1,"minecraft:cobblestone":64,"minecraft:apple":2,"minecraft:poppy":1,"minecraft:cobblestone_slab":184,"gravestone:obituary":1,"minecraft:stone_pickaxe":9},"minecraft:custom":{"minecraft:interact_with_furnace":7,"minecraft:mob_kills":2,"minecraft:interact_with_crafting_table":34,"minecraft:leave_game":3,"minecraft:time_since_death":65433,"minecraft:time_since_rest":65475,"minecraft:sprint_one_cm":42377,"minecraft:damage_taken":579,"minecraft:walk_one_cm":139429,"minecraft:drop":20,"minecraft:damage_dealt":385,"minecraft:swim_one_cm":208,"minecraft:fly_one_cm":33487,"minecraft:open_chest":68,"minecraft:crouch_one_cm":65529,"minecraft:play_time":130599,"minecraft:deaths":2,"minecraft:sneak_time":14309,"minecraft:walk_under_water_one_cm":22136,"minecraft:jump":319,"minecraft:walk_on_water_one_cm":11807,"minecraft:total_world_time":130599,"minecraft:fall_one_cm":1889},"minecraft:killed":{"minecraft:skeleton":1,"minecraft:zombie":1},"minecraft:picked_up":{"minecraft:water_bucket":1,"minecraft:oak_log":112,"minecraft:oak_trapdoor":1,"minecraft:dirt":6,"minecraft:apple":2,"minecraft:sea_pickle":2,"minecraft:wheat_seeds":1,"minecraft:stone_pickaxe":3,"minecraft:cobblestone_slab":3,"minecraft:poppy":1,"minecraft:sugar_cane":17,"minecraft:oak_planks":2,"minecraft:stick":20,"minecraft:torch":6,"minecraft:dandelion":1,"minecraft:rotten_flesh":2,"minecraft:stone_axe":1,"minecraft:bone_meal":1,"minecraft:oak_sapling":49,"minecraft:cobblestone":1241},"minecraft:crafted":{"minecraft:oak_planks":248,"minecraft:oak_slab":12,"minecraft:cobblestone_slab":222,"minecraft:crafting_table":1,"minecraft:wooden_pickaxe":1,"minecraft:furnace":1,"minecraft:stone_axe":2,"minecraft:air":0,"minecraft:oak_trapdoor":66,"minecraft:charcoal":25,"minecraft:stick":20,"minecraft:stone_pickaxe":9,"minecraft:composter":1,"minecraft:torch":40},"minecraft:broken":{"minecraft:stone_pickaxe":2,"minecraft:stone_axe":1}},"DataVersion":3465}