{"stats":{"minecraft:used":{"minecraft:wheat_seeds":22,"minecraft:oak_trapdoor":71,"minecraft:stone_sword":285,"minecraft:water_bucket":95,"minecraft:stone_pickaxe":416,"minecraft:baked_potato":8,"minecraft:oak_planks":2,"minecraft:wooden_pickaxe":4,"minecraft:composter":1,"minecraft:cobblestone_slab":89,"minecraft:sugar_cane":11,"minecraft:stone_hoe":2,"minecraft:rotten_flesh":8,"minecraft:torch":36,"minecraft:dirt":1,"minecraft:crafting_table":1,"minecraft:carrot":54,"minecraft:oak_log":1,"minecraft:lava_bucket":2,"minecraft:stone_axe":172,"minecraft:fishing_rod":33,"minecraft:cobblestone":1378,"minecraft:bow":16,"minecraft:cooked_cod":6,"minecraft:oak_sapling":40,"minecraft:furnace":1,"minecraft:bucket":95,"minecraft:ice":1,"minecraft:oak_boat":1,"minecraft:sea_pickle":2,"minecraft:potato":38,"minecraft:bone_meal":224},"minecraft:mined":{"minecraft:oak_sapling":4,"minecraft:dandelion":11,"minecraft:cornflower":1,"minecraft:torch":23,"gravestone:gravestone":8,"minecraft:grass_block":5,"minecraft:poppy":1,"minecraft:tall_grass":59,"minecraft:cobblestone":400,"minecraft:oak_planks":2,"minecraft:sugar_cane":17,"minecraft:wall_torch":4,"minecraft:seagrass":2,"minecraft:tall_seagrass":1,"minecraft:oak_trapdoor":2,"minecraft:carrots":24,"minecraft:sea_pickle":2,"minecraft:wheat":22,"minecraft:fire":23,"minecraft:ice":1,"minecraft:grass":68,"minecraft:potatoes":20,"minecraft:oak_log":113,"minecraft:cobblestone_slab":10,"minecraft:dirt":1,"minecraft:oak_leaves":44},"minecraft:dropped":{"minecraft:golden_boots":1,"sophisticatedbackpacks:iron_backpack":3,"minecraft:stone_axe":1,"minecraft:golden_helmet":4,"minecraft:golden_horse_armor":1,"minecraft:cobblestone":64,"minecraft:apple":2,"minecraft:poppy":8,"minecraft:potato":1,"minecraft:cobblestone_slab":184,"minecraft:cornflower":1,"minecraft:golden_leggings":1,"gravestone:obituary":4,"minecraft:stone_pickaxe":10,"minecraft:dandelion":14},"minecraft:custom":{"minecraft:interact_with_furnace":34,"minecraft:mob_kills":627,"minecraft:interact_with_crafting_table":53,"minecraft:damage_dealt_resisted":715,"minecraft:leave_game":4,"minecraft:time_since_death":10732,"minecraft:time_since_rest":10775,"minecraft:damage_taken":3403,"minecraft:sprint_one_cm":160854,"minecraft:walk_one_cm":349659,"minecraft:drop":45,"minecraft:damage_dealt":6222,"minecraft:swim_one_cm":4397,"minecraft:fly_one_cm":85653,"minecraft:open_chest":141,"minecraft:crouch_one_cm":105326,"minecraft:play_time":244397,"minecraft:deaths":9,"minecraft:sneak_time":25563,"minecraft:walk_under_water_one_cm":34499,"minecraft:jump":609,"minecraft:walk_on_water_one_cm":17907,"minecraft:total_world_time":244397,"minecraft:fish_caught":19,"minecraft:fall_one_cm":5732},"minecraft:killed":{"minecraft:witch":2,"minecraft:zombie_villager":4,"minecraft:spider":1,"minecraft:creeper":182,"minecraft:skeleton":210,"minecraft:zombie":227,"minecraft:chicken":1},"minecraft:crafted":{"minecraft:cooked_cod":6,"minecraft:oak_planks":260,"minecraft:oak_slab":12,"minecraft:cobblestone_slab":276,"minecraft:fishing_rod":1,"minecraft:crafting_table":1,"minecraft:wooden_pickaxe":1,"minecraft:baked_potato":13,"minecraft:iron_sword":1,"minecraft:furnace":1,"minecraft:bone_meal":237,"minecraft:stone_axe":2,"minecraft:air":0,"minecraft:oak_trapdoor":66,"minecraft:oak_boat":1,"minecraft:charcoal":27,"minecraft:gold_nugget":5,"minecraft:stick":28,"minecraft:stone_pickaxe":9,"minecraft:stone_sword":3,"minecraft:composter":1,"minecraft:torch":64,"minecraft:stone_hoe":1},"minecraft:picked_up":{"minecraft:leather_chestplate":1,"minecraft:wheat":22,"minecraft:feather":1,"minecraft:chainmail_boots":1,"minecraft:chicken":1,"minecraft:salmon":2,"minecraft:water_bucket":1,"minecraft:golden_leggings":1,"minecraft:potato":73,"minecraft:oak_log":112,"minecraft:lily_pad":2,"minecraft:golden_boots":1,"minecraft:cornflower":1,"minecraft:gunpowder":185,"minecraft:dirt":6,"minecraft:string":26,"minecraft:oak_trapdoor":5,"minecraft:name_tag":1,"minecraft:iron_shovel":1,"minecraft:leather_boots":2,"minecraft:pufferfish":2,"minecraft:bone":203,"minecraft:apple":2,"minecraft:sea_pickle":2,"minecraft:bow":19,"minecraft:wheat_seeds":78,"minecraft:gold_nugget":5,"minecraft:iron_ingot":1,"minecraft:stone_pickaxe":5,"minecraft:cobblestone_slab":15,"minecraft:player_head":2,"minecraft:poppy":8,"minecraft:glass_bottle":2,"minecraft:sugar_cane":22,"minecraft:oak_planks":2,"minecraft:golden_helmet":4,"minecraft:stick":20,"minecraft:torch":28,"minecraft:bowl":1,"minecraft:dandelion":11,"sophisticatedbackpacks:iron_backpack":6,"minecraft:carrot":93,"minecraft:golden_chestplate":1,"minecraft:sugar":2,"minecraft:arrow":227,"minecraft:rotten_flesh":241,"minecraft:cooked_cod":1,"minecraft:stone_axe":2,"minecraft:bone_meal":1,"minecraft:chainmail_helmet":1,"sophisticatedbackpacks:copper_backpack":1,"minecraft:oak_sapling":49,"minecraft:cod":14,"minecraft:cobblestone":1335,"minecraft:ender_pearl":1},"minecraft:broken":{"minecraft:stone_pickaxe":2,"minecraft:stone_sword":1,"minecraft:stone_axe":1},"minecraft:killed_by":{"minecraft:skeleton":3,"minecraft:creeper":1,"minecraft:zombie":1,"minecraft:witch":1}},"DataVersion":3465}