{"stats":{"minecraft:used":{"minecraft:oak_trapdoor":71,"minecraft:water_bucket":94,"minecraft:stone_sword":19,"minecraft:stone_pickaxe":375,"minecraft:oak_planks":2,"minecraft:wooden_pickaxe":4,"minecraft:composter":1,"minecraft:sugar_cane":11,"minecraft:cobblestone_slab":53,"minecraft:stone_hoe":1,"minecraft:rotten_flesh":3,"minecraft:torch":36,"minecraft:dirt":1,"minecraft:crafting_table":1,"minecraft:oak_log":1,"minecraft:lava_bucket":2,"minecraft:stone_axe":134,"minecraft:fishing_rod":26,"minecraft:cobblestone":1295,"minecraft:oak_sapling":40,"minecraft:furnace":1,"minecraft:bucket":95,"minecraft:ice":1,"minecraft:sea_pickle":2,"minecraft:potato":38,"minecraft:bone_meal":46},"minecraft:mined":{"minecraft:oak_sapling":4,"minecraft:dandelion":1,"minecraft:torch":23,"gravestone:gravestone":4,"minecraft:grass_block":5,"minecraft:poppy":1,"minecraft:cobblestone":368,"minecraft:sugar_cane":13,"minecraft:oak_planks":2,"minecraft:wall_torch":4,"minecraft:seagrass":2,"minecraft:tall_seagrass":1,"minecraft:oak_trapdoor":2,"minecraft:sea_pickle":2,"minecraft:fire":21,"minecraft:ice":1,"minecraft:grass":11,"minecraft:potatoes":20,"minecraft:oak_log":113,"minecraft:cobblestone_slab":3,"minecraft:dirt":1,"minecraft:oak_leaves":43},"minecraft:dropped":{"minecraft:stone_axe":1,"minecraft:cobblestone":64,"minecraft:apple":2,"minecraft:poppy":1,"minecraft:potato":1,"minecraft:cobblestone_slab":184,"gravestone:obituary":1,"minecraft:stone_pickaxe":9},"minecraft:custom":{"minecraft:interact_with_furnace":11,"minecraft:mob_kills":86,"minecraft:interact_with_crafting_table":40,"minecraft:leave_game":3,"minecraft:time_since_death":21613,"minecraft:time_since_rest":21649,"minecraft:sprint_one_cm":75779,"minecraft:damage_taken":1329,"minecraft:walk_one_cm":215314,"minecraft:drop":21,"minecraft:damage_dealt":928,"minecraft:swim_one_cm":4239,"minecraft:fly_one_cm":51238,"minecraft:open_chest":85,"minecraft:crouch_one_cm":78144,"minecraft:play_time":166599,"minecraft:deaths":5,"minecraft:sneak_time":17040,"minecraft:walk_under_water_one_cm":27999,"minecraft:jump":434,"minecraft:walk_on_water_one_cm":15596,"minecraft:total_world_time":166599,"minecraft:fish_caught":15,"minecraft:fall_one_cm":3108},"minecraft:killed":{"minecraft:zombie_villager":1,"minecraft:creeper":23,"minecraft:skeleton":29,"minecraft:zombie":33},"minecraft:crafted":{"minecraft:oak_planks":248,"minecraft:oak_slab":12,"minecraft:cobblestone_slab":240,"minecraft:fishing_rod":1,"minecraft:crafting_table":1,"minecraft:wooden_pickaxe":1,"minecraft:furnace":1,"minecraft:bone_meal":45,"minecraft:stone_axe":2,"minecraft:air":0,"minecraft:oak_trapdoor":66,"minecraft:charcoal":26,"minecraft:stick":28,"minecraft:stone_pickaxe":9,"minecraft:stone_sword":1,"minecraft:composter":1,"minecraft:torch":64,"minecraft:stone_hoe":1},"minecraft:picked_up":{"minecraft:chainmail_boots":1,"minecraft:salmon":2,"minecraft:water_bucket":1,"minecraft:potato":71,"minecraft:oak_log":112,"minecraft:lily_pad":2,"minecraft:gunpowder":29,"minecraft:string":7,"minecraft:oak_trapdoor":5,"minecraft:dirt":6,"minecraft:name_tag":1,"minecraft:pufferfish":1,"minecraft:bone":26,"minecraft:apple":2,"minecraft:sea_pickle":2,"minecraft:bow":1,"minecraft:wheat_seeds":1,"minecraft:stone_pickaxe":3,"minecraft:player_head":1,"minecraft:cobblestone_slab":8,"minecraft:poppy":1,"minecraft:sugar_cane":18,"minecraft:oak_planks":2,"minecraft:golden_helmet":1,"minecraft:stick":20,"minecraft:bowl":1,"minecraft:torch":28,"minecraft:dandelion":1,"minecraft:arrow":34,"minecraft:rotten_flesh":43,"minecraft:stone_axe":1,"minecraft:bone_meal":1,"minecraft:oak_sapling":49,"minecraft:cod":11,"minecraft:cobblestone":1274},"minecraft:broken":{"minecraft:stone_pickaxe":2,"minecraft:stone_axe":1},"minecraft:killed_by":{"minecraft:skeleton":3}},"DataVersion":3465}