{"stats":{"minecraft:used":{"minecraft:oak_trapdoor":71,"minecraft:stone_sword":289,"minecraft:chest":12,"minecraft:iron_sword":182,"minecraft:stone_hoe":2,"minecraft:rotten_flesh":13,"minecraft:torch":38,"minecraft:dirt":1,"minecraft:carrot":62,"minecraft:lava_bucket":4,"minecraft:bow":24,"minecraft:furnace":1,"minecraft:oak_sapling":46,"minecraft:cooked_cod":6,"minecraft:potato":38,"minecraft:wheat_seeds":22,"minecraft:water_bucket":95,"minecraft:stone_pickaxe":417,"minecraft:baked_potato":13,"minecraft:oak_planks":5,"minecraft:wooden_pickaxe":4,"minecraft:composter":1,"minecraft:sugar_cane":11,"minecraft:cobblestone_slab":99,"minecraft:crafting_table":1,"minecraft:oak_log":1,"minecraft:iron_pickaxe":10,"minecraft:stone_axe":206,"minecraft:fishing_rod":33,"minecraft:cobblestone":1395,"minecraft:bucket":97,"minecraft:ice":1,"minecraft:oak_boat":1,"minecraft:sea_pickle":2,"minecraft:bone_meal":224},"minecraft:mined":{"minecraft:oak_sapling":4,"minecraft:nether_bricks":5,"gravestone:gravestone":11,"minecraft:grass_block":5,"minecraft:nether_wart":6,"minecraft:tall_seagrass":1,"minecraft:oak_trapdoor":2,"minecraft:carrots":24,"minecraft:fire":25,"minecraft:gold_block":2,"minecraft:potatoes":20,"minecraft:cobblestone_slab":13,"minecraft:soul_sand":8,"minecraft:dandelion":11,"minecraft:cornflower":1,"minecraft:torch":23,"minecraft:poppy":1,"minecraft:chest":2,"minecraft:cobblestone":401,"minecraft:tall_grass":59,"minecraft:sugar_cane":20,"minecraft:oak_planks":3,"minecraft:wall_torch":4,"minecraft:seagrass":2,"minecraft:sea_pickle":2,"minecraft:wheat":22,"minecraft:ice":1,"minecraft:grass":68,"minecraft:oak_log":143,"minecraft:dirt":1,"minecraft:oak_leaves":45},"minecraft:dropped":{"sophisticatedbackpacks:iron_backpack":3,"minecraft:golden_boots":1,"minecraft:iron_sword":1,"minecraft:golden_helmet":4,"minecraft:golden_horse_armor":1,"minecraft:cobblestone":64,"minecraft:apple":2,"minecraft:leather_helmet":1,"minecraft:cornflower":1,"travelersbackpack:enderman":1,"gravestone:obituary":8,"minecraft:gold_ingot":1,"minecraft:dandelion":14,"minecraft:stone_axe":1,"minecraft:rotten_flesh":64,"minecraft:oak_planks":1,"minecraft:poppy":8,"minecraft:cobblestone_slab":184,"minecraft:potato":1,"minecraft:beetroot_seeds":4,"minecraft:leather_boots":1,"minecraft:golden_leggings":1,"minecraft:bow":7,"minecraft:stone_pickaxe":10,"minecraft:netherrack":2},"minecraft:custom":{"minecraft:mob_kills":954,"minecraft:interact_with_crafting_table":57,"minecraft:damage_dealt_resisted":1227,"minecraft:leave_game":4,"minecraft:time_since_death":14803,"minecraft:sprint_one_cm":225119,"minecraft:walk_one_cm":446350,"minecraft:drop":66,"minecraft:damage_dealt_absorbed":29,"minecraft:play_time":280397,"minecraft:deaths":12,"minecraft:sneak_time":28038,"minecraft:walk_under_water_one_cm":34499,"minecraft:jump":706,"minecraft:walk_on_water_one_cm":18145,"minecraft:total_world_time":280397,"minecraft:interact_with_furnace":41,"minecraft:time_since_rest":14843,"minecraft:damage_taken":4727,"minecraft:damage_dealt":10047,"minecraft:swim_one_cm":4397,"minecraft:fly_one_cm":101177,"minecraft:open_chest":181,"minecraft:crouch_one_cm":112821,"minecraft:fish_caught":19,"minecraft:fall_one_cm":6067},"minecraft:killed":{"minecraft:witch":4,"minecraft:spider":2,"minecraft:skeleton":318,"minecraft:chicken":1,"minecraft:zombie_villager":7,"minecraft:creeper":294,"minecraft:zombie":326},"minecraft:crafted":{"minecraft:oak_planks":344,"minecraft:cobblestone_slab":276,"minecraft:fishing_rod":1,"minecraft:furnace":1,"minecraft:bone_meal":237,"minecraft:oak_trapdoor":66,"minecraft:stone_pickaxe":9,"minecraft:chest":10,"minecraft:stone_hoe":1,"minecraft:cooked_cod":6,"minecraft:oak_slab":12,"minecraft:crafting_table":1,"minecraft:baked_potato":13,"minecraft:wooden_pickaxe":1,"minecraft:iron_sword":1,"minecraft:stone_axe":2,"minecraft:air":0,"minecraft:oak_boat":1,"minecraft:charcoal":27,"minecraft:gold_nugget":9,"minecraft:stick":32,"minecraft:iron_pickaxe":1,"minecraft:stone_sword":3,"minecraft:gold_ingot":1,"minecraft:composter":1,"minecraft:torch":68},"minecraft:picked_up":{"minecraft:wheat":22,"minecraft:chainmail_boots":1,"minecraft:chicken":1,"minecraft:nether_wart":16,"minecraft:leather_leggings":1,"minecraft:gold_block":2,"gravestone:obituary":1,"minecraft:cornflower":1,"minecraft:oak_trapdoor":5,"minecraft:string":41,"minecraft:pufferfish":2,"minecraft:iron_shovel":1,"minecraft:sea_pickle":2,"minecraft:gold_nugget":5,"travelersbackpack:enderman":1,"minecraft:cobblestone_slab":25,"minecraft:player_head":2,"minecraft:poppy":8,"minecraft:sugar_cane":26,"minecraft:chest":2,"minecraft:golden_helmet":6,"minecraft:stick":23,"minecraft:torch":28,"minecraft:bowl":1,"minecraft:carrot":93,"minecraft:redstone":1,"minecraft:golden_chestplate":3,"minecraft:arrow":333,"minecraft:rotten_flesh":364,"minecraft:cooked_cod":1,"minecraft:beetroot_seeds":4,"minecraft:nether_bricks":3,"minecraft:gold_ingot":1,"sophisticatedbackpacks:copper_backpack":4,"minecraft:cod":14,"minecraft:cobblestone":1360,"minecraft:feather":1,"minecraft:leather_chestplate":1,"minecraft:water_bucket":1,"minecraft:salmon":2,"minecraft:golden_leggings":1,"minecraft:potato":75,"minecraft:oak_log":142,"minecraft:lily_pad":2,"minecraft:golden_boots":2,"minecraft:gunpowder":305,"minecraft:dirt":6,"minecraft:name_tag":1,"minecraft:leather_boots":3,"minecraft:bone":297,"minecraft:apple":3,"minecraft:bow":27,"minecraft:wheat_seeds":78,"minecraft:iron_ingot":2,"minecraft:stone_pickaxe":5,"minecraft:glowstone_dust":2,"minecraft:glass_bottle":2,"minecraft:soul_sand":8,"minecraft:iron_sword":1,"minecraft:oak_planks":3,"minecraft:dandelion":11,"sophisticatedbackpacks:iron_backpack":7,"minecraft:leather_helmet":1,"minecraft:sugar":2,"minecraft:stone_axe":2,"minecraft:bone_meal":1,"minecraft:chainmail_helmet":1,"minecraft:oak_sapling":59,"minecraft:netherrack":2,"minecraft:ender_pearl":1},"minecraft:broken":{"minecraft:stone_sword":2,"minecraft:leather_leggings":1,"minecraft:chainmail_boots":1,"minecraft:stone_pickaxe":2,"minecraft:stone_axe":1},"minecraft:killed_by":{"minecraft:creeper":1,"minecraft:enderman":1,"minecraft:skeleton":3,"minecraft:witch":1,"minecraft:zombie":3}},"DataVersion":3465}