{"stats":{"minecraft:used":{"minecraft:oak_log":1,"minecraft:water_bucket":14,"minecraft:lava_bucket":2,"minecraft:stone_pickaxe":292,"minecraft:oak_planks":2,"minecraft:wooden_pickaxe":4,"minecraft:composter":1,"minecraft:sugar_cane":10,"minecraft:cobblestone_slab":42,"minecraft:stone_axe":80,"minecraft:dirt":1,"minecraft:cobblestone":266,"minecraft:crafting_table":1,"minecraft:oak_sapling":30,"minecraft:bucket":15,"minecraft:ice":1,"minecraft:sea_pickle":2,"minecraft:bone_meal":1},"minecraft:mined":{"minecraft:seagrass":2,"minecraft:tall_seagrass":1,"minecraft:oak_sapling":1,"minecraft:sea_pickle":2,"minecraft:fire":16,"minecraft:ice":1,"minecraft:dandelion":1,"gravestone:gravestone":1,"minecraft:grass":11,"minecraft:grass_block":5,"minecraft:oak_log":75,"minecraft:poppy":1,"minecraft:cobblestone_slab":2,"minecraft:dirt":1,"minecraft:cobblestone":288,"minecraft:oak_planks":2,"minecraft:sugar_cane":9,"minecraft:oak_leaves":39},"minecraft:dropped":{"minecraft:poppy":1,"minecraft:cobblestone_slab":184,"minecraft:stone_axe":1,"minecraft:cobblestone":64,"gravestone:obituary":1,"minecraft:apple":1,"minecraft:stone_pickaxe":6},"minecraft:custom":{"minecraft:time_since_rest":17475,"minecraft:damage_taken":474,"minecraft:sprint_one_cm":23691,"minecraft:walk_one_cm":65118,"minecraft:drop":16,"minecraft:damage_dealt":15,"minecraft:swim_one_cm":208,"minecraft:interact_with_crafting_table":22,"minecraft:fly_one_cm":22487,"minecraft:open_chest":44,"minecraft:crouch_one_cm":14610,"minecraft:play_time":82599,"minecraft:deaths":2,"minecraft:sneak_time":3836,"minecraft:walk_under_water_one_cm":3776,"minecraft:jump":211,"minecraft:leave_game":3,"minecraft:time_since_death":17433,"minecraft:walk_on_water_one_cm":5811,"minecraft:total_world_time":82599,"minecraft:fall_one_cm":838},"minecraft:crafted":{"minecraft:oak_slab":12,"minecraft:oak_planks":44,"minecraft:cobblestone_slab":222,"minecraft:crafting_table":1,"minecraft:stick":16,"minecraft:wooden_pickaxe":1,"minecraft:stone_pickaxe":6,"minecraft:composter":1,"minecraft:stone_axe":1},"minecraft:picked_up":{"minecraft:stick":13,"minecraft:water_bucket":1,"minecraft:dandelion":1,"minecraft:oak_log":74,"minecraft:dirt":6,"minecraft:apple":1,"minecraft:sea_pickle":2,"minecraft:stone_axe":1,"minecraft:wheat_seeds":1,"minecraft:bone_meal":1,"minecraft:stone_pickaxe":3,"minecraft:cobblestone_slab":3,"minecraft:poppy":1,"minecraft:oak_sapling":33,"minecraft:sugar_cane":14,"minecraft:oak_planks":2,"minecraft:cobblestone":516},"minecraft:broken":{"minecraft:stone_pickaxe":2}},"DataVersion":3465}