{"stats":{"minecraft:used":{"minecraft:oak_trapdoor":71,"minecraft:stone_sword":147,"minecraft:water_bucket":94,"minecraft:stone_pickaxe":407,"minecraft:baked_potato":4,"minecraft:oak_planks":2,"minecraft:wooden_pickaxe":4,"minecraft:composter":1,"minecraft:cobblestone_slab":89,"minecraft:sugar_cane":11,"minecraft:stone_hoe":1,"minecraft:rotten_flesh":8,"minecraft:torch":36,"minecraft:dirt":1,"minecraft:crafting_table":1,"minecraft:oak_log":1,"minecraft:lava_bucket":2,"minecraft:stone_axe":160,"minecraft:fishing_rod":33,"minecraft:cobblestone":1374,"minecraft:bow":16,"minecraft:cooked_cod":6,"minecraft:oak_sapling":40,"minecraft:furnace":1,"minecraft:bucket":95,"minecraft:ice":1,"minecraft:oak_boat":1,"minecraft:sea_pickle":2,"minecraft:potato":38,"minecraft:bone_meal":46},"minecraft:mined":{"minecraft:oak_sapling":4,"minecraft:dandelion":1,"minecraft:torch":23,"gravestone:gravestone":6,"minecraft:grass_block":5,"minecraft:poppy":1,"minecraft:cobblestone":395,"minecraft:oak_planks":2,"minecraft:sugar_cane":15,"minecraft:wall_torch":4,"minecraft:seagrass":2,"minecraft:tall_seagrass":1,"minecraft:oak_trapdoor":2,"minecraft:sea_pickle":2,"minecraft:fire":23,"minecraft:ice":1,"minecraft:grass":11,"minecraft:potatoes":20,"minecraft:oak_log":113,"minecraft:cobblestone_slab":7,"minecraft:dirt":1,"minecraft:oak_leaves":44},"minecraft:dropped":{"sophisticatedbackpacks:iron_backpack":3,"minecraft:stone_axe":1,"minecraft:golden_helmet":2,"minecraft:cobblestone":64,"minecraft:apple":2,"minecraft:poppy":8,"minecraft:potato":1,"minecraft:cobblestone_slab":184,"gravestone:obituary":3,"minecraft:stone_pickaxe":10},"minecraft:custom":{"minecraft:interact_with_furnace":26,"minecraft:mob_kills":390,"minecraft:interact_with_crafting_table":48,"minecraft:damage_dealt_resisted":295,"minecraft:leave_game":4,"minecraft:time_since_death":2153,"minecraft:time_since_rest":2187,"minecraft:damage_taken":2707,"minecraft:sprint_one_cm":120597,"minecraft:walk_one_cm":280034,"minecraft:drop":36,"minecraft:damage_dealt":3423,"minecraft:swim_one_cm":4239,"minecraft:fly_one_cm":77281,"minecraft:open_chest":106,"minecraft:crouch_one_cm":101718,"minecraft:play_time":208397,"minecraft:deaths":8,"minecraft:sneak_time":23395,"minecraft:walk_under_water_one_cm":27999,"minecraft:jump":554,"minecraft:walk_on_water_one_cm":17000,"minecraft:total_world_time":208397,"minecraft:fish_caught":19,"minecraft:fall_one_cm":5256},"minecraft:killed":{"minecraft:zombie_villager":2,"minecraft:spider":1,"minecraft:creeper":109,"minecraft:skeleton":128,"minecraft:zombie":149,"minecraft:chicken":1},"minecraft:picked_up":{"minecraft:feather":1,"minecraft:chainmail_boots":1,"minecraft:chicken":1,"minecraft:salmon":2,"minecraft:water_bucket":1,"minecraft:golden_leggings":1,"minecraft:potato":72,"minecraft:oak_log":112,"minecraft:lily_pad":2,"minecraft:gunpowder":115,"minecraft:dirt":6,"minecraft:string":16,"minecraft:oak_trapdoor":5,"minecraft:name_tag":1,"minecraft:iron_shovel":1,"minecraft:leather_boots":1,"minecraft:pufferfish":2,"minecraft:bone":115,"minecraft:apple":2,"minecraft:sea_pickle":2,"minecraft:bow":10,"minecraft:wheat_seeds":1,"minecraft:stone_pickaxe":5,"minecraft:cobblestone_slab":14,"minecraft:player_head":2,"minecraft:poppy":8,"minecraft:sugar_cane":20,"minecraft:oak_planks":2,"minecraft:golden_helmet":2,"minecraft:stick":20,"minecraft:torch":28,"minecraft:bowl":1,"minecraft:dandelion":1,"sophisticatedbackpacks:iron_backpack":4,"minecraft:carrot":1,"minecraft:arrow":142,"minecraft:rotten_flesh":169,"minecraft:cooked_cod":1,"minecraft:stone_axe":2,"minecraft:bone_meal":1,"minecraft:chainmail_helmet":1,"minecraft:oak_sapling":49,"minecraft:cod":14,"minecraft:cobblestone":1331,"minecraft:ender_pearl":1},"minecraft:crafted":{"minecraft:cooked_cod":6,"minecraft:oak_planks":260,"minecraft:oak_slab":12,"minecraft:cobblestone_slab":276,"minecraft:fishing_rod":1,"minecraft:crafting_table":1,"minecraft:wooden_pickaxe":1,"minecraft:baked_potato":13,"minecraft:furnace":1,"minecraft:bone_meal":45,"minecraft:stone_axe":2,"minecraft:air":0,"minecraft:oak_trapdoor":66,"minecraft:oak_boat":1,"minecraft:charcoal":26,"minecraft:stick":28,"minecraft:stone_pickaxe":9,"minecraft:stone_sword":2,"minecraft:composter":1,"minecraft:torch":64,"minecraft:stone_hoe":1},"minecraft:broken":{"minecraft:stone_pickaxe":2,"minecraft:stone_axe":1},"minecraft:killed_by":{"minecraft:skeleton":3,"minecraft:creeper":1,"minecraft:witch":1}},"DataVersion":3465}