{"stats":{"minecraft:used":{"minecraft:oak_trapdoor":71,"minecraft:water_bucket":94,"minecraft:stone_pickaxe":366,"minecraft:oak_planks":2,"minecraft:wooden_pickaxe":4,"minecraft:composter":1,"minecraft:sugar_cane":10,"minecraft:cobblestone_slab":46,"minecraft:rotten_flesh":3,"minecraft:torch":32,"minecraft:dirt":1,"minecraft:crafting_table":1,"minecraft:oak_log":1,"minecraft:lava_bucket":2,"minecraft:stone_axe":134,"minecraft:cobblestone":1271,"minecraft:oak_sapling":40,"minecraft:furnace":1,"minecraft:bucket":95,"minecraft:ice":1,"minecraft:sea_pickle":2,"minecraft:bone_meal":1},"minecraft:mined":{"minecraft:oak_sapling":4,"minecraft:dandelion":1,"minecraft:torch":23,"gravestone:gravestone":1,"minecraft:grass_block":5,"minecraft:poppy":1,"minecraft:cobblestone":361,"minecraft:sugar_cane":12,"minecraft:oak_planks":2,"minecraft:wall_torch":4,"minecraft:seagrass":2,"minecraft:tall_seagrass":1,"minecraft:oak_trapdoor":2,"minecraft:sea_pickle":2,"minecraft:fire":19,"minecraft:ice":1,"minecraft:grass":11,"minecraft:oak_log":113,"minecraft:cobblestone_slab":2,"minecraft:dirt":1,"minecraft:oak_leaves":43},"minecraft:dropped":{"minecraft:stone_axe":1,"minecraft:cobblestone":64,"minecraft:apple":2,"minecraft:poppy":1,"minecraft:cobblestone_slab":184,"gravestone:obituary":1,"minecraft:stone_pickaxe":9},"minecraft:custom":{"minecraft:interact_with_furnace":7,"minecraft:mob_kills":15,"minecraft:interact_with_crafting_table":35,"minecraft:leave_game":3,"minecraft:time_since_death":77433,"minecraft:time_since_rest":77475,"minecraft:sprint_one_cm":55799,"minecraft:damage_taken":594,"minecraft:walk_one_cm":187018,"minecraft:drop":20,"minecraft:damage_dealt":519,"minecraft:swim_one_cm":4239,"minecraft:fly_one_cm":40616,"minecraft:open_chest":68,"minecraft:crouch_one_cm":73707,"minecraft:play_time":142599,"minecraft:deaths":2,"minecraft:sneak_time":16510,"minecraft:walk_under_water_one_cm":27999,"minecraft:jump":367,"minecraft:walk_on_water_one_cm":13507,"minecraft:total_world_time":142599,"minecraft:fall_one_cm":1889},"minecraft:killed":{"minecraft:zombie_villager":1,"minecraft:creeper":7,"minecraft:skeleton":4,"minecraft:zombie":3},"minecraft:picked_up":{"minecraft:water_bucket":1,"minecraft:oak_log":112,"minecraft:gunpowder":10,"minecraft:oak_trapdoor":5,"minecraft:dirt":6,"minecraft:bone":4,"minecraft:apple":2,"minecraft:sea_pickle":2,"minecraft:wheat_seeds":1,"minecraft:stone_pickaxe":3,"minecraft:player_head":1,"minecraft:cobblestone_slab":7,"minecraft:poppy":1,"minecraft:sugar_cane":17,"minecraft:oak_planks":2,"minecraft:stick":20,"minecraft:torch":28,"minecraft:dandelion":1,"minecraft:arrow":3,"minecraft:rotten_flesh":3,"minecraft:stone_axe":1,"minecraft:bone_meal":1,"minecraft:oak_sapling":49,"minecraft:cobblestone":1264},"minecraft:crafted":{"minecraft:oak_planks":248,"minecraft:oak_slab":12,"minecraft:cobblestone_slab":240,"minecraft:crafting_table":1,"minecraft:wooden_pickaxe":1,"minecraft:furnace":1,"minecraft:stone_axe":2,"minecraft:air":0,"minecraft:oak_trapdoor":66,"minecraft:charcoal":25,"minecraft:stick":20,"minecraft:stone_pickaxe":9,"minecraft:composter":1,"minecraft:torch":40},"minecraft:broken":{"minecraft:stone_pickaxe":2,"minecraft:stone_axe":1}},"DataVersion":3465}