{"stats":{"minecraft:mined":{"minecraft:sea_pickle":2,"minecraft:fire":4,"minecraft:ice":1,"minecraft:dandelion":1,"minecraft:grass":11,"minecraft:grass_block":5,"minecraft:oak_log":15,"minecraft:poppy":1,"minecraft:cobblestone_slab":1,"minecraft:dirt":1,"minecraft:cobblestone":281,"minecraft:sugar_cane":1,"minecraft:oak_leaves":24},"minecraft:dropped":{"minecraft:poppy":1,"minecraft:stone_axe":1,"minecraft:cobblestone_slab":184,"minecraft:cobblestone":64,"minecraft:apple":1,"minecraft:stone_pickaxe":1},"minecraft:crafted":{"minecraft:oak_planks":16,"minecraft:cobblestone_slab":204,"minecraft:crafting_table":1,"minecraft:stick":16,"minecraft:wooden_pickaxe":1,"minecraft:stone_pickaxe":4,"minecraft:stone_axe":1},"minecraft:custom":{"minecraft:time_since_rest":40172,"minecraft:sprint_one_cm":5288,"minecraft:damage_taken":240,"minecraft:walk_one_cm":28835,"minecraft:drop":10,"minecraft:damage_dealt":15,"minecraft:interact_with_crafting_table":13,"minecraft:fly_one_cm":5741,"minecraft:open_chest":23,"minecraft:crouch_one_cm":13052,"minecraft:play_time":53519,"minecraft:deaths":1,"minecraft:walk_under_water_one_cm":987,"minecraft:sneak_time":3402,"minecraft:jump":83,"minecraft:walk_on_water_one_cm":1980,"minecraft:leave_game":3,"minecraft:time_since_death":40137,"minecraft:total_world_time":53519,"minecraft:fall_one_cm":418},"minecraft:used":{"minecraft:water_bucket":4,"minecraft:lava_bucket":1,"minecraft:stone_pickaxe":282,"minecraft:wooden_pickaxe":4,"minecraft:sugar_cane":4,"minecraft:cobblestone_slab":23,"minecraft:stone_axe":10,"minecraft:dirt":1,"minecraft:cobblestone":118,"minecraft:crafting_table":1,"minecraft:oak_sapling":6,"minecraft:bucket":4,"minecraft:ice":1,"minecraft:sea_pickle":2},"minecraft:picked_up":{"minecraft:stick":3,"minecraft:dandelion":1,"minecraft:oak_log":15,"minecraft:dirt":6,"minecraft:apple":1,"minecraft:sea_pickle":2,"minecraft:stone_axe":1,"minecraft:wheat_seeds":1,"minecraft:cobblestone_slab":1,"minecraft:poppy":1,"minecraft:oak_sapling":6,"minecraft:sugar_cane":3,"minecraft:cobblestone":231},"minecraft:broken":{"minecraft:stone_pickaxe":2}},"DataVersion":3465}