{"stats":{"minecraft:used":{"minecraft:oak_log":1,"minecraft:water_bucket":31,"minecraft:lava_bucket":2,"minecraft:stone_pickaxe":326,"minecraft:oak_planks":2,"minecraft:wooden_pickaxe":4,"minecraft:composter":1,"minecraft:sugar_cane":10,"minecraft:cobblestone_slab":42,"minecraft:stone_axe":100,"minecraft:dirt":1,"minecraft:cobblestone":420,"minecraft:crafting_table":1,"minecraft:oak_sapling":33,"minecraft:bucket":32,"minecraft:ice":1,"minecraft:sea_pickle":2,"minecraft:bone_meal":1},"minecraft:mined":{"minecraft:seagrass":2,"minecraft:tall_seagrass":1,"minecraft:oak_sapling":2,"minecraft:sea_pickle":2,"minecraft:fire":18,"minecraft:ice":1,"minecraft:dandelion":1,"gravestone:gravestone":1,"minecraft:grass":11,"minecraft:grass_block":5,"minecraft:oak_log":91,"minecraft:poppy":1,"minecraft:cobblestone_slab":2,"minecraft:dirt":1,"minecraft:cobblestone":322,"minecraft:oak_planks":2,"minecraft:sugar_cane":9,"minecraft:oak_leaves":42},"minecraft:dropped":{"minecraft:poppy":1,"minecraft:cobblestone_slab":184,"minecraft:stone_axe":1,"minecraft:cobblestone":64,"gravestone:obituary":1,"minecraft:apple":1,"minecraft:stone_pickaxe":7},"minecraft:custom":{"minecraft:time_since_rest":29475,"minecraft:damage_taken":474,"minecraft:sprint_one_cm":26269,"minecraft:walk_one_cm":78659,"minecraft:drop":17,"minecraft:damage_dealt":15,"minecraft:swim_one_cm":208,"minecraft:interact_with_crafting_table":23,"minecraft:fly_one_cm":23751,"minecraft:open_chest":47,"minecraft:crouch_one_cm":33468,"minecraft:play_time":94599,"minecraft:deaths":2,"minecraft:sneak_time":7970,"minecraft:walk_under_water_one_cm":11687,"minecraft:jump":235,"minecraft:leave_game":3,"minecraft:time_since_death":29433,"minecraft:walk_on_water_one_cm":8549,"minecraft:total_world_time":94599,"minecraft:fall_one_cm":838},"minecraft:crafted":{"minecraft:oak_slab":12,"minecraft:oak_planks":44,"minecraft:cobblestone_slab":222,"minecraft:crafting_table":1,"minecraft:stick":16,"minecraft:wooden_pickaxe":1,"minecraft:stone_pickaxe":7,"minecraft:composter":1,"minecraft:stone_axe":1},"minecraft:picked_up":{"minecraft:stick":18,"minecraft:water_bucket":1,"minecraft:dandelion":1,"minecraft:oak_log":90,"minecraft:dirt":6,"minecraft:apple":1,"minecraft:sea_pickle":2,"minecraft:stone_axe":1,"minecraft:wheat_seeds":1,"minecraft:bone_meal":1,"minecraft:stone_pickaxe":3,"minecraft:cobblestone_slab":3,"minecraft:poppy":1,"minecraft:oak_sapling":40,"minecraft:sugar_cane":14,"minecraft:oak_planks":2,"minecraft:cobblestone":666},"minecraft:broken":{"minecraft:stone_pickaxe":2}},"DataVersion":3465}