{"stats":{"minecraft:used":{"minecraft:oak_trapdoor":71,"minecraft:stone_sword":289,"minecraft:iron_sword":56,"minecraft:stone_hoe":2,"minecraft:rotten_flesh":9,"minecraft:torch":36,"minecraft:dirt":1,"minecraft:carrot":54,"minecraft:lava_bucket":4,"minecraft:bow":16,"minecraft:furnace":1,"minecraft:oak_sapling":40,"minecraft:cooked_cod":6,"minecraft:potato":38,"minecraft:wheat_seeds":22,"minecraft:water_bucket":95,"minecraft:stone_pickaxe":417,"minecraft:baked_potato":13,"minecraft:oak_planks":4,"minecraft:wooden_pickaxe":4,"minecraft:composter":1,"minecraft:sugar_cane":11,"minecraft:cobblestone_slab":90,"minecraft:crafting_table":1,"minecraft:oak_log":1,"minecraft:stone_axe":172,"minecraft:fishing_rod":33,"minecraft:cobblestone":1378,"minecraft:bucket":97,"minecraft:ice":1,"minecraft:oak_boat":1,"minecraft:sea_pickle":2,"minecraft:bone_meal":224},"minecraft:mined":{"minecraft:oak_sapling":4,"gravestone:gravestone":9,"minecraft:grass_block":5,"minecraft:tall_seagrass":1,"minecraft:oak_trapdoor":2,"minecraft:carrots":24,"minecraft:fire":23,"minecraft:potatoes":20,"minecraft:cobblestone_slab":11,"minecraft:dandelion":11,"minecraft:cornflower":1,"minecraft:torch":23,"minecraft:poppy":1,"minecraft:cobblestone":400,"minecraft:tall_grass":59,"minecraft:sugar_cane":20,"minecraft:oak_planks":2,"minecraft:wall_torch":4,"minecraft:seagrass":2,"minecraft:sea_pickle":2,"minecraft:wheat":22,"minecraft:ice":1,"minecraft:grass":68,"minecraft:oak_log":113,"minecraft:dirt":1,"minecraft:oak_leaves":44},"minecraft:dropped":{"sophisticatedbackpacks:iron_backpack":3,"minecraft:golden_boots":1,"minecraft:golden_helmet":4,"minecraft:golden_horse_armor":1,"minecraft:cobblestone":64,"minecraft:apple":2,"minecraft:cornflower":1,"travelersbackpack:enderman":1,"gravestone:obituary":5,"minecraft:dandelion":14,"minecraft:stone_axe":1,"minecraft:poppy":8,"minecraft:cobblestone_slab":184,"minecraft:potato":1,"minecraft:golden_leggings":1,"minecraft:stone_pickaxe":10},"minecraft:custom":{"minecraft:mob_kills":759,"minecraft:interact_with_crafting_table":55,"minecraft:damage_dealt_resisted":715,"minecraft:leave_game":4,"minecraft:time_since_death":9953,"minecraft:sprint_one_cm":186193,"minecraft:walk_one_cm":379321,"minecraft:drop":47,"minecraft:play_time":256397,"minecraft:deaths":10,"minecraft:sneak_time":26307,"minecraft:walk_under_water_one_cm":34499,"minecraft:jump":637,"minecraft:walk_on_water_one_cm":18145,"minecraft:total_world_time":256397,"minecraft:interact_with_furnace":37,"minecraft:time_since_rest":9987,"minecraft:damage_taken":3965,"minecraft:damage_dealt":7448,"minecraft:swim_one_cm":4397,"minecraft:fly_one_cm":89117,"minecraft:open_chest":154,"minecraft:crouch_one_cm":105798,"minecraft:fish_caught":19,"minecraft:fall_one_cm":6067},"minecraft:killed":{"minecraft:witch":4,"minecraft:spider":1,"minecraft:skeleton":258,"minecraft:chicken":1,"minecraft:zombie_villager":5,"minecraft:creeper":228,"minecraft:zombie":262},"minecraft:crafted":{"minecraft:oak_planks":260,"minecraft:cobblestone_slab":276,"minecraft:fishing_rod":1,"minecraft:furnace":1,"minecraft:bone_meal":237,"minecraft:oak_trapdoor":66,"minecraft:stone_pickaxe":9,"minecraft:stone_hoe":1,"minecraft:cooked_cod":6,"minecraft:oak_slab":12,"minecraft:crafting_table":1,"minecraft:baked_potato":13,"minecraft:wooden_pickaxe":1,"minecraft:iron_sword":1,"minecraft:stone_axe":2,"minecraft:air":0,"minecraft:oak_boat":1,"minecraft:charcoal":27,"minecraft:gold_nugget":7,"minecraft:stick":28,"minecraft:stone_sword":3,"minecraft:gold_ingot":1,"minecraft:composter":1,"minecraft:torch":64},"minecraft:picked_up":{"minecraft:wheat":22,"minecraft:chainmail_boots":1,"minecraft:chicken":1,"minecraft:leather_leggings":1,"minecraft:cornflower":1,"minecraft:oak_trapdoor":5,"minecraft:string":32,"minecraft:pufferfish":2,"minecraft:iron_shovel":1,"minecraft:sea_pickle":2,"minecraft:gold_nugget":5,"travelersbackpack:enderman":1,"minecraft:cobblestone_slab":16,"minecraft:player_head":2,"minecraft:poppy":8,"minecraft:sugar_cane":26,"minecraft:golden_helmet":5,"minecraft:stick":20,"minecraft:torch":28,"minecraft:bowl":1,"minecraft:carrot":93,"minecraft:redstone":1,"minecraft:golden_chestplate":3,"minecraft:arrow":283,"minecraft:rotten_flesh":278,"minecraft:cooked_cod":1,"sophisticatedbackpacks:copper_backpack":1,"minecraft:cod":14,"minecraft:cobblestone":1335,"minecraft:feather":1,"minecraft:leather_chestplate":1,"minecraft:water_bucket":1,"minecraft:salmon":2,"minecraft:golden_leggings":1,"minecraft:potato":73,"minecraft:oak_log":112,"minecraft:lily_pad":2,"minecraft:golden_boots":2,"minecraft:gunpowder":224,"minecraft:dirt":6,"minecraft:name_tag":1,"minecraft:leather_boots":2,"minecraft:bone":255,"minecraft:apple":2,"minecraft:bow":25,"minecraft:wheat_seeds":78,"minecraft:iron_ingot":1,"minecraft:stone_pickaxe":5,"minecraft:glass_bottle":2,"minecraft:iron_sword":1,"minecraft:oak_planks":2,"minecraft:dandelion":11,"sophisticatedbackpacks:iron_backpack":6,"minecraft:leather_helmet":1,"minecraft:sugar":2,"minecraft:stone_axe":2,"minecraft:bone_meal":1,"minecraft:chainmail_helmet":1,"minecraft:oak_sapling":49,"minecraft:netherrack":1,"minecraft:ender_pearl":1},"minecraft:broken":{"minecraft:stone_sword":2,"minecraft:chainmail_boots":1,"minecraft:stone_pickaxe":2,"minecraft:stone_axe":1},"minecraft:killed_by":{"minecraft:creeper":1,"minecraft:enderman":1,"minecraft:skeleton":3,"minecraft:witch":1,"minecraft:zombie":1}},"DataVersion":3465}