{"stats":{"minecraft:used":{"minecraft:wheat_seeds":22,"minecraft:oak_trapdoor":71,"minecraft:stone_sword":206,"minecraft:water_bucket":95,"minecraft:stone_pickaxe":416,"minecraft:baked_potato":5,"minecraft:oak_planks":2,"minecraft:wooden_pickaxe":4,"minecraft:composter":1,"minecraft:cobblestone_slab":89,"minecraft:sugar_cane":11,"minecraft:stone_hoe":2,"minecraft:rotten_flesh":8,"minecraft:torch":36,"minecraft:dirt":1,"minecraft:crafting_table":1,"minecraft:carrot":54,"minecraft:oak_log":1,"minecraft:lava_bucket":2,"minecraft:stone_axe":169,"minecraft:fishing_rod":33,"minecraft:cobblestone":1378,"minecraft:bow":16,"minecraft:cooked_cod":6,"minecraft:oak_sapling":40,"minecraft:furnace":1,"minecraft:bucket":95,"minecraft:ice":1,"minecraft:oak_boat":1,"minecraft:sea_pickle":2,"minecraft:potato":38,"minecraft:bone_meal":224},"minecraft:mined":{"minecraft:oak_sapling":4,"minecraft:dandelion":11,"minecraft:cornflower":1,"minecraft:torch":23,"gravestone:gravestone":7,"minecraft:grass_block":5,"minecraft:poppy":1,"minecraft:tall_grass":59,"minecraft:cobblestone":400,"minecraft:oak_planks":2,"minecraft:sugar_cane":17,"minecraft:wall_torch":4,"minecraft:seagrass":2,"minecraft:tall_seagrass":1,"minecraft:oak_trapdoor":2,"minecraft:carrots":24,"minecraft:sea_pickle":2,"minecraft:wheat":22,"minecraft:fire":23,"minecraft:ice":1,"minecraft:grass":68,"minecraft:potatoes":20,"minecraft:oak_log":113,"minecraft:cobblestone_slab":10,"minecraft:dirt":1,"minecraft:oak_leaves":44},"minecraft:dropped":{"sophisticatedbackpacks:iron_backpack":3,"minecraft:stone_axe":1,"minecraft:golden_helmet":2,"minecraft:cobblestone":64,"minecraft:apple":2,"minecraft:poppy":8,"minecraft:potato":1,"minecraft:cobblestone_slab":184,"minecraft:cornflower":1,"gravestone:obituary":3,"minecraft:stone_pickaxe":10,"minecraft:dandelion":14},"minecraft:custom":{"minecraft:interact_with_furnace":26,"minecraft:mob_kills":525,"minecraft:interact_with_crafting_table":50,"minecraft:damage_dealt_resisted":295,"minecraft:leave_game":4,"minecraft:time_since_death":26153,"minecraft:time_since_rest":26187,"minecraft:damage_taken":2929,"minecraft:sprint_one_cm":153686,"minecraft:walk_one_cm":330879,"minecraft:drop":39,"minecraft:damage_dealt":4824,"minecraft:swim_one_cm":4397,"minecraft:fly_one_cm":84704,"minecraft:open_chest":126,"minecraft:crouch_one_cm":104669,"minecraft:play_time":232397,"minecraft:deaths":8,"minecraft:sneak_time":24314,"minecraft:walk_under_water_one_cm":34499,"minecraft:jump":600,"minecraft:walk_on_water_one_cm":17907,"minecraft:total_world_time":232397,"minecraft:fish_caught":19,"minecraft:fall_one_cm":5732},"minecraft:killed":{"minecraft:witch":1,"minecraft:zombie_villager":3,"minecraft:spider":1,"minecraft:creeper":149,"minecraft:skeleton":176,"minecraft:zombie":194,"minecraft:chicken":1},"minecraft:crafted":{"minecraft:cooked_cod":6,"minecraft:oak_planks":260,"minecraft:oak_slab":12,"minecraft:cobblestone_slab":276,"minecraft:fishing_rod":1,"minecraft:crafting_table":1,"minecraft:wooden_pickaxe":1,"minecraft:baked_potato":13,"minecraft:furnace":1,"minecraft:bone_meal":237,"minecraft:stone_axe":2,"minecraft:air":0,"minecraft:oak_trapdoor":66,"minecraft:oak_boat":1,"minecraft:charcoal":26,"minecraft:stick":28,"minecraft:stone_pickaxe":9,"minecraft:stone_sword":3,"minecraft:composter":1,"minecraft:torch":64,"minecraft:stone_hoe":1},"minecraft:picked_up":{"minecraft:leather_chestplate":1,"minecraft:wheat":22,"minecraft:feather":1,"minecraft:chainmail_boots":1,"minecraft:chicken":1,"minecraft:salmon":2,"minecraft:water_bucket":1,"minecraft:golden_leggings":1,"minecraft:potato":73,"minecraft:oak_log":112,"minecraft:lily_pad":2,"minecraft:cornflower":1,"minecraft:gunpowder":161,"minecraft:dirt":6,"minecraft:string":22,"minecraft:oak_trapdoor":5,"minecraft:name_tag":1,"minecraft:iron_shovel":1,"minecraft:leather_boots":2,"minecraft:pufferfish":2,"minecraft:bone":163,"minecraft:apple":2,"minecraft:sea_pickle":2,"minecraft:bow":16,"minecraft:wheat_seeds":78,"minecraft:iron_ingot":1,"minecraft:stone_pickaxe":5,"minecraft:cobblestone_slab":15,"minecraft:player_head":2,"minecraft:poppy":8,"minecraft:glass_bottle":2,"minecraft:sugar_cane":22,"minecraft:oak_planks":2,"minecraft:golden_helmet":3,"minecraft:stick":20,"minecraft:torch":28,"minecraft:bowl":1,"minecraft:dandelion":11,"sophisticatedbackpacks:iron_backpack":5,"minecraft:carrot":93,"minecraft:golden_chestplate":1,"minecraft:arrow":201,"minecraft:rotten_flesh":215,"minecraft:cooked_cod":1,"minecraft:stone_axe":2,"minecraft:bone_meal":1,"minecraft:chainmail_helmet":1,"sophisticatedbackpacks:copper_backpack":1,"minecraft:oak_sapling":49,"minecraft:cod":14,"minecraft:cobblestone":1335,"minecraft:ender_pearl":1},"minecraft:broken":{"minecraft:stone_pickaxe":2,"minecraft:stone_sword":1,"minecraft:stone_axe":1},"minecraft:killed_by":{"minecraft:skeleton":3,"minecraft:creeper":1,"minecraft:witch":1}},"DataVersion":3465}