{"stats":{"minecraft:mined":{"minecraft:fire":3,"minecraft:ice":1,"minecraft:dandelion":1,"minecraft:grass":11,"minecraft:grass_block":5,"minecraft:oak_log":5,"minecraft:poppy":1,"minecraft:cobblestone_slab":1,"minecraft:dirt":1,"minecraft:cobblestone":178,"minecraft:oak_leaves":22},"minecraft:dropped":{"minecraft:poppy":1,"minecraft:cobblestone_slab":184,"minecraft:apple":1},"minecraft:crafted":{"minecraft:oak_planks":12,"minecraft:cobblestone_slab":204,"minecraft:crafting_table":1,"minecraft:stick":4,"minecraft:wooden_pickaxe":1,"minecraft:stone_pickaxe":2},"minecraft:custom":{"minecraft:time_since_rest":23708,"minecraft:sprint_one_cm":919,"minecraft:damage_taken":230,"minecraft:walk_one_cm":11631,"minecraft:drop":7,"minecraft:damage_dealt":15,"minecraft:interact_with_crafting_table":10,"minecraft:fly_one_cm":118,"minecraft:open_chest":14,"minecraft:crouch_one_cm":11557,"minecraft:play_time":37055,"minecraft:deaths":1,"minecraft:sneak_time":2749,"minecraft:jump":26,"minecraft:leave_game":2,"minecraft:time_since_death":23673,"minecraft:total_world_time":37055,"minecraft:fall_one_cm":418},"minecraft:used":{"minecraft:lava_bucket":1,"minecraft:stone_pickaxe":178,"minecraft:wooden_pickaxe":4,"minecraft:sugar_cane":1,"minecraft:cobblestone_slab":21,"minecraft:dirt":1,"minecraft:crafting_table":1,"minecraft:oak_sapling":1,"minecraft:ice":1},"minecraft:picked_up":{"minecraft:stick":2,"minecraft:dandelion":1,"minecraft:oak_log":5,"minecraft:dirt":6,"minecraft:apple":1,"minecraft:wheat_seeds":1,"minecraft:cobblestone_slab":1,"minecraft:poppy":1,"minecraft:oak_sapling":2,"minecraft:cobblestone":143},"minecraft:broken":{"minecraft:stone_pickaxe":1}},"DataVersion":3465}