{"stats":{"minecraft:used":{"minecraft:water_bucket":6,"minecraft:lava_bucket":2,"minecraft:stone_pickaxe":287,"minecraft:wooden_pickaxe":4,"minecraft:sugar_cane":5,"minecraft:cobblestone_slab":23,"minecraft:stone_axe":64,"minecraft:dirt":1,"minecraft:cobblestone":119,"minecraft:crafting_table":1,"minecraft:oak_sapling":15,"minecraft:bucket":6,"minecraft:ice":1,"minecraft:sea_pickle":2},"minecraft:mined":{"minecraft:oak_sapling":1,"minecraft:sea_pickle":2,"minecraft:fire":16,"minecraft:ice":1,"minecraft:dandelion":1,"gravestone:gravestone":1,"minecraft:grass":11,"minecraft:grass_block":5,"minecraft:oak_log":59,"minecraft:poppy":1,"minecraft:cobblestone_slab":1,"minecraft:dirt":1,"minecraft:cobblestone":284,"minecraft:sugar_cane":5,"minecraft:oak_leaves":39},"minecraft:dropped":{"minecraft:poppy":1,"minecraft:cobblestone_slab":184,"minecraft:stone_axe":1,"minecraft:cobblestone":64,"gravestone:obituary":1,"minecraft:apple":1,"minecraft:stone_pickaxe":5},"minecraft:custom":{"minecraft:time_since_rest":5475,"minecraft:damage_taken":460,"minecraft:sprint_one_cm":14182,"minecraft:walk_one_cm":47187,"minecraft:drop":15,"minecraft:damage_dealt":15,"minecraft:interact_with_crafting_table":17,"minecraft:fly_one_cm":10350,"minecraft:open_chest":34,"minecraft:crouch_one_cm":13503,"minecraft:play_time":70599,"minecraft:deaths":2,"minecraft:sneak_time":3527,"minecraft:walk_under_water_one_cm":987,"minecraft:jump":140,"minecraft:leave_game":3,"minecraft:time_since_death":5433,"minecraft:walk_on_water_one_cm":2034,"minecraft:total_world_time":70599,"minecraft:fall_one_cm":627},"minecraft:crafted":{"minecraft:oak_planks":16,"minecraft:cobblestone_slab":204,"minecraft:crafting_table":1,"minecraft:stick":16,"minecraft:wooden_pickaxe":1,"minecraft:stone_pickaxe":5,"minecraft:stone_axe":1},"minecraft:picked_up":{"minecraft:stick":11,"minecraft:water_bucket":1,"minecraft:dandelion":1,"minecraft:oak_log":58,"minecraft:dirt":6,"minecraft:apple":1,"minecraft:sea_pickle":2,"minecraft:stone_axe":1,"minecraft:wheat_seeds":1,"minecraft:stone_pickaxe":3,"minecraft:cobblestone_slab":1,"minecraft:poppy":1,"minecraft:oak_sapling":26,"minecraft:sugar_cane":9,"minecraft:cobblestone":398},"minecraft:broken":{"minecraft:stone_pickaxe":2}},"DataVersion":3465}