{"stats":{"minecraft:used":{"minecraft:water_bucket":42,"minecraft:stone_pickaxe":332,"minecraft:oak_planks":2,"minecraft:wooden_pickaxe":4,"minecraft:composter":1,"minecraft:sugar_cane":10,"minecraft:cobblestone_slab":42,"minecraft:rotten_flesh":2,"minecraft:torch":31,"minecraft:dirt":1,"minecraft:crafting_table":1,"minecraft:oak_log":1,"minecraft:lava_bucket":2,"minecraft:stone_axe":127,"minecraft:cobblestone":817,"minecraft:oak_sapling":39,"minecraft:furnace":1,"minecraft:bucket":43,"minecraft:ice":1,"minecraft:sea_pickle":2,"minecraft:bone_meal":1},"minecraft:mined":{"minecraft:oak_sapling":4,"minecraft:dandelion":1,"minecraft:torch":1,"gravestone:gravestone":1,"minecraft:grass_block":5,"minecraft:poppy":1,"minecraft:cobblestone":328,"minecraft:sugar_cane":11,"minecraft:oak_planks":2,"minecraft:seagrass":2,"minecraft:tall_seagrass":1,"minecraft:sea_pickle":2,"minecraft:fire":19,"minecraft:ice":1,"minecraft:grass":11,"minecraft:oak_log":108,"minecraft:cobblestone_slab":2,"minecraft:dirt":1,"minecraft:oak_leaves":43},"minecraft:dropped":{"minecraft:stone_axe":1,"minecraft:cobblestone":64,"minecraft:apple":2,"minecraft:poppy":1,"minecraft:cobblestone_slab":184,"gravestone:obituary":1,"minecraft:stone_pickaxe":8},"minecraft:custom":{"minecraft:interact_with_furnace":6,"minecraft:mob_kills":2,"minecraft:interact_with_crafting_table":30,"minecraft:leave_game":3,"minecraft:time_since_death":53433,"minecraft:time_since_rest":53475,"minecraft:sprint_one_cm":35572,"minecraft:damage_taken":579,"minecraft:walk_one_cm":106534,"minecraft:drop":19,"minecraft:damage_dealt":385,"minecraft:swim_one_cm":208,"minecraft:fly_one_cm":28380,"minecraft:open_chest":60,"minecraft:crouch_one_cm":53009,"minecraft:play_time":118599,"minecraft:deaths":2,"minecraft:sneak_time":12172,"minecraft:walk_under_water_one_cm":17293,"minecraft:jump":289,"minecraft:walk_on_water_one_cm":10525,"minecraft:total_world_time":118599,"minecraft:fall_one_cm":1467},"minecraft:killed":{"minecraft:skeleton":1,"minecraft:zombie":1},"minecraft:picked_up":{"minecraft:water_bucket":1,"minecraft:oak_log":107,"minecraft:dirt":6,"minecraft:apple":2,"minecraft:sea_pickle":2,"minecraft:wheat_seeds":1,"minecraft:stone_pickaxe":3,"minecraft:cobblestone_slab":3,"minecraft:poppy":1,"minecraft:sugar_cane":16,"minecraft:oak_planks":2,"minecraft:stick":18,"minecraft:torch":2,"minecraft:dandelion":1,"minecraft:rotten_flesh":2,"minecraft:stone_axe":1,"minecraft:bone_meal":1,"minecraft:oak_sapling":47,"minecraft:cobblestone":994},"minecraft:crafted":{"minecraft:oak_planks":172,"minecraft:oak_slab":12,"minecraft:cobblestone_slab":222,"minecraft:crafting_table":1,"minecraft:wooden_pickaxe":1,"minecraft:furnace":1,"minecraft:stone_axe":1,"minecraft:air":0,"minecraft:oak_trapdoor":40,"minecraft:charcoal":13,"minecraft:stick":16,"minecraft:stone_pickaxe":8,"minecraft:composter":1,"minecraft:torch":40},"minecraft:broken":{"minecraft:stone_pickaxe":2}},"DataVersion":3465}