{"stats":{"minecraft:custom":{"minecraft:time_since_rest":176877,"minecraft:open_chest":7,"minecraft:damage_taken":340,"minecraft:play_one_minute":451896,"minecraft:deaths":1,"minecraft:crouch_one_cm":2702,"minecraft:sprint_one_cm":3364,"minecraft:walk_one_cm":22262,"minecraft:sneak_time":1965,"minecraft:walk_under_water_one_cm":1066,"minecraft:aviate_one_cm":37917,"minecraft:drop":14,"minecraft:jump":61,"minecraft:damage_dealt":10,"minecraft:leave_game":17,"minecraft:time_since_death":176855,"minecraft:swim_one_cm":3657,"minecraft:interact_with_crafting_table":4,"minecraft:fall_one_cm":884,"minecraft:fly_one_cm":2613351},"minecraft:used":{"minecraft:oak_log":12,"minecraft:bamboo":5,"minecraft:dirt":64,"minecraft:command_block":1,"minecraft:grass_block":3,"minecraft:red_sandstone_slab":1,"minecraft:string":14,"minecraft:repeating_command_block":2,"minecraft:dark_oak_planks":37},"minecraft:dropped":{"minecraft:dirt":3,"minecraft:bamboo":1,"minecraft:oak_log":3,"minecraft:paper":40,"minecraft:string":1,"minecraft:crafting_table":1,"minecraft:grass_block":3,"minecraft:bone":1},"minecraft:mined":{"minecraft:grass_block":5,"minecraft:oak_log":10,"minecraft:dirt":13},"minecraft:picked_up":{"minecraft:gravel":1,"minecraft:oak_log":7,"minecraft:dirt":18}},"DataVersion":2565}